[
  { "id": "ACR", "value": "Acambaro Gto" },
  { "id": "AEG", "value": "Aeropuerto Gdl Jal" },
  { "id": "APS", "value": "Agua Prieta Son" },
  { "id": "AGU2", "value": "Aguascalientes Agr. Norte" },
  { "id": "AHT", "value": "Ahuetita" },
  { "id": "CCA", "value": "Camargo Chih" },
  { "id": "CNE", "value": "Cananea Son" },
  { "id": "CIJ", "value": "Cañada De Islas Jal" },
  { "id": "CAS", "value": "Casas Grandes Chih" },
  { "id": "CYA", "value": "Celaya Gto" },
  { "id": "CUU", "value": "Chihuahua Central Autobus" },
  { "id": "PIM", "value": "Chihuahua Pistolasmeneses" },
  { "id": "DEL", "value": "Ciudad Delicias Chih" },
  { "id": "CGZ", "value": "Ciudad Guzman Jal" },
  { "id": "HID", "value": "Ciudad Hidalgo Mich" },
  { "id": "JIM", "value": "Ciudad Jimenez Chih" },
  { "id": "CJS", "value": "Ciudad Juarez Chih" },
  { "id": "COL", "value": "Colima Col" },
  { "id": "COO", "value": "Concepción Del Oro Zac" },
  { "id": "CBC", "value": "Corral Blanco" },
  { "id": "BEJ", "value": "Crucero Belén Jal" },
  { "id": "DGO", "value": "Durango Central Autobus" },
  { "id": "FRE", "value": "Fresnillo Zac" },
  { "id": "GOP", "value": "Gomez Palacio C. Autobus" },
  { "id": "GD1", "value": "Guadalajara Modulo 1" },
  { "id": "GDL", "value": "Guadalajara Jal" },
  { "id": "GTO", "value": "Guanajuato Gto" },
  { "id": "HA2", "value": "Hamburgo Las Palmas Dgo" },
  { "id": "IMU", "value": "Imuris Son" },
  { "id": "IPO", "value": "Irapuato Gto" },
  { "id": "JAN", "value": "Janos Chih" },
  { "id": "JAR", "value": "Jaralillo Jal" },
  { "id": "JSA", "value": "Jesus Aguirre" },
  { "id": "JU2", "value": "Juan Aldama 2 Zac" },
  { "id": "LPI", "value": "La Piedad Mich" },
  { "id": "LGS", "value": "Lagos De Moreno Jal" },
  { "id": "BJX", "value": "Leon Gto" },
  { "id": "LOR", "value": "Loreto Zac" },
  { "id": "ZLO", "value": "Manzanillo Col" },
  { "id": "MVT", "value": "Maravatio Mich" },
  { "id": "MAM", "value": "Matamoros. Tamps." },
  { "id": "MEX", "value": "Mexico Central Norte" },
  { "id": "MTY", "value": "Monterrey Central Autobus" },
  { "id": "MLM", "value": "Morelia Mich" },
  { "id": "MRL", "value": "Moroleon Gto" },
  { "id": "NOC", "value": "Nochistlán Zac" },
  { "id": "NOG", "value": "Nogales Son" },
  { "id": "NDI", "value": "Nombre De Dios Dgo" },
  { "id": "NLD", "value": "Nuevo Laredo Tamps" },
  { "id": "PTC", "value": "Patzcuaro Mich" },
  { "id": "PJM", "value": "Penjamo Gto." },
  { "id": "PAZ", "value": "Poza Rica Ver" },
  { "id": "QET", "value": "Queretaro Qro" },
  { "id": "REX", "value": "Reynosa. Tams." },
  { "id": "RFM", "value": "Ricardo Flores Magon. Chi" },
  { "id": "RGR", "value": "Rio Grande Zac" },
  { "id": "SAI", "value": "Sain Alto Zac" },
  { "id": "SMX", "value": "Salamanca Gto" },
  { "id": "SLW", "value": "Saltillo Central Autobus" },
  { "id": "SAV", "value": "Salvatierra Gto" },
  { "id": "SJL", "value": "San Juan De Los Lagos jal" },
  { "id": "APU", "value": "San Pedro Apulco Zac" },
  { "id": "SIL", "value": "Silao Gto" },
  { "id": "SOM", "value": "Sombrerete Zac" },
  { "id": "MXS", "value": "Suc. Mexticacan Jal" },
  { "id": "PAG", "value": "Suc. Paseos Agu" },
  { "id": "TEC", "value": "Tecoman Col" },
  { "id": "TEO", "value": "Teocaltiche Jal" },
  { "id": "TNY", "value": "Tepic Central Autobus Nay" },
  { "id": "CLO", "value": "Tepic Terminal Colosio" },
  { "id": "TPZ", "value": "Tepotzotlán Mex" },
  { "id": "HAM", "value": "Terminal Hamburgo Dgo" },
  { "id": "TRC", "value": "Torreón Coah" },
  { "id": "TLI", "value": "Tren Ligero Jal" },
  { "id": "TXM", "value": "Tuxpan Michoacán Mich" },
  { "id": "TCT", "value": "Tuxpan Term. Centro Ver" },
  { "id": "TXP", "value": "Tuxpan Veracruz" },
  { "id": "UPN", "value": "Uruapan Mich" },
  { "id": "VGE", "value": "Vicente Guerrero Dgo" },
  { "id": "YAH", "value": "Yahualica Jal" },
  { "id": "ZCL", "value": "Zacatecas Central Autobus" },
  { "id": "ZAM", "value": "Zamora Mich" },
  { "id": "ZPP", "value": "Zapopan Jal" },
  { "id": "ZTC", "value": "Zitacuaro Mich" }
]
