[{"id":"APS","value":"Agua Prieta Son"},
{"id":"CCA","value":"Camargo Chih"},
{"id":"CNE","value":"Cananea Son"},
{"id":"CAS","value":"Casas Grandes Chih"},
{"id":"CUU","value":"Chihuahua Central Autobus"},
{"id":"PIM","value":"Chihuahua Pistolasmeneses"},
{"id":"DEL","value":"Ciudad Delicias Chih"},
{"id":"JIM","value":"Ciudad Jimenez Chih"},
{"id":"CJS","value":"Ciudad Juarez Chih"},
{"id":"COO","value":"Concepción Del Oro Zac"},
{"id":"DGO","value":"Durango Central Autobus"},
{"id":"FRE","value":"Fresnillo Zac"},
{"id":"GOP","value":"Gomez Palacio C. Autobus"},
{"id":"HA2","value":"Hamburgo Las Palmas Dgo"},
{"id":"IMU","value":"Imuris Son"},
{"id":"JAN","value":"Janos Chih"},
{"id":"JU2","value":"Juan Aldama 2 Zac"},
{"id":"MAM","value":"Matamoros. Tamps."},
{"id":"MTY","value":"Monterrey Central Autobus"},
{"id":"NOG","value":"Nogales Son"},
{"id":"NDI","value":"Nombre De Dios Dgo"},
{"id":"NLD","value":"Nuevo Laredo Tamps"},
{"id":"REX","value":"Reynosa. Tams."},
{"id":"RFM","value":"Ricardo Flores Magon. Chi"},
{"id":"RGR","value":"Rio Grande Zac"},
{"id":"SAI","value":"Sain Alto Zac"},
{"id":"SLW","value":"Saltillo Central Autobus"},
{"id":"SOM","value":"Sombrerete Zac"},
{"id":"HAM","value":"Terminal Hamburgo Dgo"},
{"id":"TRC","value":"Torreón Coah"},
{"id":"VGE","value":"Vicente Guerrero Dgo"},
{"id":"ZCL","value":"Zacatecas Central Autobus"}]