[{"id":"ACT","value":"Actopan  Hgo"},{"id":"AGU","value":"Aguascalientes C. Autobus"},{"id":"ATA","value":"Atlacomulco  Mex"},{"id":"SCD","value":"Cadereyta Jimenez  N.l."},{"id":"CUU","value":"Chihuahua Central Autobus"},{"id":"CHIN","value":"China  N.l."},{"id":"ATG","value":"Ciudad Altamirano  Gro"},{"id":"CJS","value":"Ciudad Juarez  Chih"},{"id":"COL","value":"Colima  Col"},{"id":"COO","value":"Concepción Del Oro   Zac"},{"id":"FRE","value":"Fresnillo   Zac"},{"id":"GBRA","value":"General Bravo  N.l."},{"id":"GOP","value":"Gomez Palacio C. Autobus"},{"id":"GDL","value":"Guadalajara  Jal"},{"id":"GTO","value":"Guanajuato  Gto"},{"id":"JUA","value":"Juan Aldama  Zac"},{"id":"BJX","value":"Leon  Gto"},{"id":"ZLO","value":"Manzanillo  Col"},{"id":"MHN","value":"Matehuala  Slp"},{"id":"MTY","value":"Monterrey Central Autobus"},{"id":"SCA","value":"Monterrey T. Sta Catarina"},{"id":"MTF","value":"Monterrey Terminal Fierro"},{"id":"MTY","value":"Monterrey. Nl."},{"id":"PCA","value":"Pachuca  Hgo"},{"id":"QET","value":"Queretaro  Qro"},{"id":"RGR","value":"Rio Grande  Zac"},{"id":"SLW","value":"Saltillo Central Autobus"},{"id":"SJL","value":"San Juan De Los Lagos jal"},{"id":"SLP","value":"San Luis Potosi  Slp"},{"id":"MTF","value":"Monterrey Terminal Fierro"},{"id":"TEJ","value":"Tejupilco  Mex"},{"id":"TNY","value":"Tepic Central Autobus Nay"},{"id":"CLO","value":"Tepic Terminal Colosio"},{"id":"TLC","value":"Toluca  Mex"},{"id":"TRC","value":"Torreón  Coah"},{"id":"THG","value":"Tula  Hgo"},{"id":"ZCL","value":"Zacatecas Central Autobus"}]