[{"id":"ALL","value":"Allende  Chih"},{"id":"ANG","value":"Angostura  Chih"},{"id":"CAS","value":"Casas Grandes  Chih"},{"id":"CUU","value":"Chihuahua Central Autobus"},{"id":"PIM","value":"Chihuahua Pistolasmeneses"},{"id":"CJS","value":"Ciudad Juarez  Chih"},{"id":"QVO","value":"Colonia Quevedo  Chih"},{"id":"CPA","value":"Crucero Palomas  Chih"},{"id":"GAL","value":"Galeana  Chih"},{"id":"GFA","value":"Gomez Farias  Chih"},{"id":"ZAR","value":"Ignacio Zaragoza  Chih"},{"id":"JAN","value":"Janos  Chih"},{"id":"MIN","value":"La Mina  Chih"},{"id":"LAG","value":"Lagunitas  Chih"},{"id":"LEB","value":"Lebaron  Chih"},{"id":"RFM","value":"Ricardo Flores Magon. Chi"},{"id":"SBV","value":"San Buenaventura. Chih."},{"id":"TCA","value":"Tres Castillos. Chih."}]