[
  { "id": "ACR", "value": "Acambaro Gto" },
  { "id": "APS", "value": "Agua Prieta Son" },
  { "id": "AGU2", "value": "Aguascalientes Agr. Norte" },
  { "id": "AGU", "value": "Aguascalientes C. Autobus" },
  { "id": "CCA", "value": "Camargo Chih" },
  { "id": "CNE", "value": "Cananea Son" },
  { "id": "CAS", "value": "Casas Grandes Chih" },
  { "id": "CYA", "value": "Celaya Gto" },
  { "id": "CUU", "value": "Chihuahua Central Autobus" },
  { "id": "PIM", "value": "Chihuahua Pistolasmeneses" },
  { "id": "DEL", "value": "Ciudad Delicias Chih" },
  { "id": "HID", "value": "Ciudad Hidalgo Mich" },
  { "id": "JIM", "value": "Ciudad Jimenez Chih" },
  { "id": "CJS", "value": "Ciudad Juarez Chih" },
  { "id": "CEM", "value": "Ciudad Valles Slp" },
  { "id": "COO", "value": "Concepción Del Oro Zac" },
  { "id": "DGO", "value": "Durango Central Autobus" },
  { "id": "FRE", "value": "Fresnillo Zac" },
  { "id": "GOP", "value": "Gomez Palacio C. Autobus" },
  { "id": "GTO", "value": "Guanajuato Gto" },
  { "id": "IMU", "value": "Imuris Son" },
  { "id": "IPO", "value": "Irapuato Gto" },
  { "id": "JAN", "value": "Janos Chih" },
  { "id": "JU2", "value": "Juan Aldama 2 Zac" },
  { "id": "LPI", "value": "La Piedad Mich" },
  { "id": "MVT", "value": "Maravatio Mich" },
  { "id": "MAM", "value": "Matamoros. Tamps." },
  { "id": "MEX", "value": "Mexico Central Norte" },
  { "id": "MTY", "value": "Monterrey Central Autobus" },
  { "id": "MLM", "value": "Morelia Mich" },
  { "id": "MRL", "value": "Moroleon Gto" },
  { "id": "NOG", "value": "Nogales Son" },
  { "id": "NLD", "value": "Nuevo Laredo Tamps" },
  { "id": "PTC", "value": "Patzcuaro Mich" },
  { "id": "PJM", "value": "Penjamo Gto." },
  { "id": "PAZ", "value": "Poza Rica Ver" },
  { "id": "QET", "value": "Queretaro Qro" },
  { "id": "REX", "value": "Reynosa. Tams." },
  { "id": "RFM", "value": "Ricardo Flores Magon. Chi" },
  { "id": "RGR", "value": "Rio Grande Zac" },
  { "id": "SAI", "value": "Sain Alto Zac" },
  { "id": "SMX", "value": "Salamanca Gto" },
  { "id": "SLW", "value": "Saltillo Central Autobus" },
  { "id": "SAV", "value": "Salvatierra Gto" },
  { "id": "SIL", "value": "Silao Gto" },
  { "id": "SOM", "value": "Sombrerete Zac" },
  { "id": "TAM", "value": "Tampico Central Autobus" },
  { "id": "TLE", "value": "Tampico Terminal Ejercito" },
  { "id": "TNY", "value": "Tepic Central Autobus Nay" },
  { "id": "CLO", "value": "Tepic Terminal Colosio" },
  { "id": "TPZ", "value": "Tepotzotlán Mex" },
  { "id": "HAM", "value": "Terminal Hamburgo Dgo" },
  { "id": "TNY", "value": "Tepic Central Autobus Nay" },
  { "id": "TRC", "value": "Torreón Coah" },
  { "id": "TXM", "value": "Tuxpan Michoacán Mich" },
  { "id": "TCT", "value": "Tuxpan Term. Centro Ver" },
  { "id": "TXP", "value": "Tuxpan Veracruz" },
  { "id": "UPN", "value": "Uruapan Mich" },
  { "id": "VGE", "value": "Vicente Guerrero Dgo" },
  { "id": "ZCL", "value": "Zacatecas Central Autobus" },
  { "id": "ZAM", "value": "Zamora Mich" },
  { "id": "ZTC", "value": "Zitacuaro Mich" }
]
