[{"id":"ALL","value":"Allende  Chih"},{"id":"CAO","value":"Alvaro Obregon  Chih"},{"id":"ANG","value":"Angostura  Chih"},{"id":"BAC","value":"Bachiniva  Chih"},{"id":"BJU","value":"Benito Juarez  Chih"},{"id":"CSM","value":"Campo Seis Y Medio  Chih"},{"id":"CAS","value":"Casas Grandes  Chih"},{"id":"CUU","value":"Chihuahua Central Autobus"},{"id":"ZOO","value":"Chihuahua Zootecnia"},{"id":"CTO","value":"Ciudad Cuauhtemoc  Chih"},{"id":"CJS","value":"Ciudad Juarez  Chih"},{"id":"CIN","value":"Col. Independencia  Chih"},{"id":"QVO","value":"Colonia Quevedo  Chih"},{"id":"GAL","value":"Galeana  Chih"},{"id":"GFA","value":"Gomez Farias  Chih"},{"id":"ZAR","value":"Ignacio Zaragoza  Chih"},{"id":"JGY","value":"Jagueyes  Chih"},{"id":"LPN","value":"La Pinta  Chih"},{"id":"LQE","value":"La Quemada  Chih"},{"id":"LAG","value":"Lagunitas  Chih"},{"id":"LVA","value":"Las Varas  Chih"},{"id":"LAC","value":"Lazaro Cardenas  Chih"},{"id":"LEB","value":"Lebaron  Chih"},{"id":"PEB","value":"Peña Blanca  Chih"},{"id":"RCO","value":"Rancho Colorado  Chih"},{"id":"RFM","value":"Ricardo Flores Magon. Chi"},{"id":"SBV","value":"San Buenaventura. Chih."},{"id":"LZO","value":"San Lorenzo  Chih"},{"id":"SOT","value":"Soto Mainez  Chih"},{"id":"TCA","value":"Tres Castillos. Chih."},{"id":"VAH","value":"Villa Ahumada  Chih"}]