[
  { "id": "ACR", "value": "Acambaro  Gto" },
  { "id": "APS", "value": "Agua Prieta  Son" },
  { "id": "AGU", "value": "Aguascalientes C. Autobus" },
  { "id": "ATA", "value": "Atlacomulco  Mex" },
  { "id": "CNE", "value": "Cananea  Son" },
  { "id": "CAS", "value": "Casas Grandes  Chih" },
  { "id": "CYA", "value": "Celaya  Gto" },
  { "id": "CUU", "value": "Chihuahua Central Autobus" },
  { "id": "PIM", "value": "Chihuahua Pistolasmeneses" },
  { "id": "DEL", "value": "Ciudad Delicias  Chih" },
  { "id": "HID", "value": "Ciudad Hidalgo  Mich" },
  { "id": "JIM", "value": "Ciudad Jimenez  Chih" },
  { "id": "CJS", "value": "Ciudad Juarez  Chih" },
  { "id": "COL", "value": "Colima  Col" },
  { "id": "DGO", "value": "Durango Central Autobus" },
  { "id": "FRE", "value": "Fresnillo   Zac" },
  { "id": "GOP", "value": "Gomez Palacio C. Autobus" },
  { "id": "HAM", "value": "Terminal Hamburgo Gomez Palacio" },
  { "id": "GDL", "value": "Guadalajara  Jal" },
  { "id": "IMU", "value": "Imuris  Son" },
  { "id": "IPO", "value": "Irapuato  Gto" },
  { "id": "JAN", "value": "Janos  Chih" },
  { "id": "JUA", "value": "Juan Aldama  Zac" },
  { "id": "BJX", "value": "Leon  Gto" },
  { "id": "ZLO", "value": "Manzanillo  Col" },
  { "id": "MVT", "value": "Maravatio  Mich" },
  { "id": "MEX", "value": "Mexico Central Norte" },
  { "id": "MTY", "value": "Monterrey Central Autobus" },
  { "id": "SCA", "value": "Monterrey T. Sta Catarina" },
  { "id": "MLM", "value": "Morelia  Mich" },
  { "id": "MRL", "value": "Moroleon  Gto" },
  { "id": "NOG", "value": "Nogales  Son" },
  { "id": "NDI", "value": "Nombre De Dios  Dgo" },
  { "id": "PAZ", "value": "Poza Rica  Ver" },
  { "id": "QET", "value": "Queretaro  Qro" },
  { "id": "RFM", "value": "Ricardo Flores Magon. Chi" },
  { "id": "RGR", "value": "Rio Grande  Zac" },
  { "id": "SLW", "value": "Saltillo Central Autobus" },
  { "id": "SMX", "value": "Salamanca  Gto" },
  { "id": "SLN", "value": "Salinas  Slp" },
  { "id": "SAV", "value": "Salvatierra  Gto" },
  { "id": "SJL", "value": "San Juan De Los Lagos jal" },
  { "id": "SLP", "value": "San Luis Potosi  Slp" },
  { "id": "SAU", "value": "Saucillo  Chih" },
  { "id": "SIL", "value": "Silao  Gto" },
  { "id": "SOM", "value": "Sombrerete  Zac" },
  { "id": "PAG", "value": "Suc. Paseos Agu." },
  { "id": "TAM", "value": "Tampico Central Autobus" },
  { "id": "TEC", "value": "Tecoman  Col" },
  { "id": "TNY", "value": "Tepic Central Autobus Nay" },
  { "id": "TPZ", "value": "Tepotzotlán  Mex" },
  { "id": "TLC", "value": "Toluca  Mex" },
  { "id": "TRC", "value": "Torreón  Coah" },
  { "id": "TXM", "value": "Tuxpan Michoacán  Mich" },
  { "id": "TCT", "value": "Tuxpan Centro Veracruz" },
  { "id": "TXP", "value": "Tuxpan  Veracruz" },
  { "id": "VGE", "value": "Vicente Guerrero  Dgo" },
  { "id": "ZCL", "value": "Zacatecas Central Autobus" },
  { "id": "ZAM", "value": "Zamora  Mich" },
  { "id": "ZTC", "value": "Zitacuaro  Mich" }
]
