[{"id":"CYA","value":"Celaya Gto"},
{"id":"CDM","value":"Ciudad Mante Tamps"},
{"id":"CMC","value":"Comoca Slp"},
{"id":"DGO","value":"Durango Central Autobus"},
{"id":"FRE","value":"Fresnillo Zac"},
{"id":"GDL","value":"Guadalajara Jal"},
{"id":"IPO","value":"Irapuato Gto"},
{"id":"BJX","value":"Leon Gto"},
{"id":"MLP","value":"Matlapa Slp"},
{"id":"MEX","value":"Mexico Central Norte"},
{"id":"MLM","value":"Morelia Mich"},
{"id":"NDI","value":"Nombre De Dios Dgo"},
{"id":"PCA","value":"Pachuca Hgo"},
{"id":"PAZ","value":"Poza Rica Ver"},
{"id":"QET","value":"Queretaro Qro"},
{"id":"SAI","value":"Sain Alto Zac"},
{"id":"SMX","value":"Salamanca Gto"},
{"id":"SLN","value":"Salinas Slp"},
{"id":"SJL","value":"San Juan De Los Lagos jal"},
{"id":"SLP","value":"San Luis Potosi Slp"},
{"id":"SOM","value":"Sombrerete Zac"},
{"id":"SAR","value":"Suc. Soriana Altamira"},
{"id":"TMZ","value":"Tamazunchale Slp"},
{"id":"TAM","value":"Tampico Central Autobus"},
{"id":"TMN","value":"Tampico Norte Tamps"},
{"id":"TLE","value":"Tampico Terminal Ejercito"},
{"id":"TAN","value":"Tamuin Slp"},
{"id":"TPZ","value":"Tepotzotlán Mex"},
{"id":"TCT","value":"Tuxpan Term. Centro Ver"},
{"id":"TXP","value":"Tuxpan Veracruz"},
{"id":"VGE","value":"Vicente Guerrero Dgo"},
{"id":"ZCL","value":"Zacatecas Central Autobus"},
{"id":"ZPP","value":"Zapopan Jal"}]