[{"id":"AGU","value":"Aguascalientes C. Autobus"},
{"id":"CUU","value":"Chihuahua Central Autobus"},
{"id":"PIM","value":"Chihuahua Pistolasmeneses"},
{"id":"DEL","value":"Ciudad Delicias Chih"},
{"id":"CJS","value":"Ciudad Juarez Chih"},
{"id":"COL","value":"Colima Col"},
{"id":"GOP","value":"Gomez Palacio C. Autobus"},
{"id":"GD1","value":"Guadalajara Modulo 1"},
{"id":"GDL","value":"Guadalajara Jal"},
{"id":"ZLO","value":"Manzanillo Col"},
{"id":"MEX","value":"Mexico Central Norte"},
{"id":"TPZ","value":"Tepotzotlán Mex"},
{"id":"HAM","value":"Terminal Hamburgo Dgo"},
{"id":"TRC","value":"Torreón Coah"},
{"id":"TLI","value":"Tren Ligero Jal"},
{"id":"TUJ","value":"Tuxpan Jalisco Jal"}]