[
  { "id": "ACR", "value": "Acambaro  Gto" },
  { "id": "AGU", "value": "Aguascalientes C. Autobus" },
  { "id": "APS", "value": "Agua Prieta Son." },
  { "id": "ALL", "value": "Allende  Chih" },
  { "id": "CAO", "value": "Alvaro Obregon  Chih" },
  { "id": "ANG", "value": "Angostura  Chih" },
  { "id": "ASC", "value": "Ascención  Chih" },
  { "id": "ATA", "value": "Atlacomulco  Mex" },
  { "id": "BJU", "value": "Benito Juarez  Chih" },
  { "id": "CCA", "value": "Camargo  Chih" },
  { "id": "C101", "value": "Campo 101  Chih" },
  { "id": "CSM", "value": "Campo Seis Y Medio  Chih" },
  { "id": "CAS", "value": "Casas Grandes  Chih" },
  { "id": "CYA", "value": "Celaya  Gto" },
  { "id": "CUU", "value": "Chihuahua Central Autobus" },
  { "id": "PIM", "value": "Chihuahua Pistolasmeneses" },
  { "id": "ZOO", "value": "Chihuahua Zootecnia" },
  { "id": "CTO", "value": "Ciudad Cuauhtemoc  Chih" },
  { "id": "DEL", "value": "Ciudad Delicias  Chih" },
  { "id": "HID", "value": "Ciudad Hidalgo  Mich" },
  { "id": "JIM", "value": "Ciudad Jimenez  Chih" },
  { "id": "COL", "value": "Colima  Col" },
  { "id": "QVO", "value": "Colonia Quevedo  Chih" },
  { "id": "CLT", "value": "Colotlán  Jal" },
  { "id": "CPA", "value": "Crucero Palomas  Chih" },
  { "id": "DGO", "value": "Durango Central Autobus" },
  { "id": "ERE", "value": "Ejido Revolución  Dgo" },
  { "id": "ROD", "value": "El Rodeo  Dgo" },
  { "id": "FIM", "value": "Fco. I. Madero  Dgo" },
  { "id": "FRE", "value": "Fresnillo   Zac" },
  { "id": "GAL", "value": "Galeana  Chih" },
  { "id": "GFA", "value": "Gomez Farias  Chih" },
  { "id": "GOP", "value": "Gomez Palacio C. Autobus" },
  { "id": "HAM", "value": "Terminal Hamburgo Gomez Palacio" },
  { "id": "SLU", "value": "Granjas Sta. Lucia  Dgo" },
  { "id": "GDL", "value": "Guadalajara  Jal" },
  { "id": "GVI", "value": "Guadalupe Victoria  Dgo" },
  { "id": "HUE", "value": "Huejucar  Jal" },
  { "id": "ZAR", "value": "Ignacio Zaragoza  Chih" },
  { "id": "IPO", "value": "Irapuato  Gto" },
  { "id": "JGY", "value": "Jagueyes  Chih" },
  { "id": "JAN", "value": "Janos  Chih" },
  { "id": "JER", "value": "Jerez  Zac" },
  { "id": "JUA", "value": "Juan Aldama  Zac" },
  { "id": "MIN", "value": "La Mina  Chih" },
  { "id": "LPI", "value": "La Piedad  Mich" },
  { "id": "LQE", "value": "La Quemada  Chih" },
  { "id": "LZA", "value": "La Zarca  Dgo" },
  { "id": "LAG", "value": "Lagunitas  Chih" },
  { "id": "LNI", "value": "Las Nieve  Dgo" },
  { "id": "LAC", "value": "Lazaro Cardenas  Chih" },
  { "id": "LEB", "value": "Lebaron  Chih" },
  { "id": "BJX", "value": "Leon  Gto" },
  { "id": "LMO", "value": "Luis Moya. Zac." },
  { "id": "ZLO", "value": "Manzanillo  Col" },
  { "id": "MVT", "value": "Maravatio  Mich" },
  { "id": "MAM", "value": "Matamoros. Tamps." },
  { "id": "MEX", "value": "Mexico Central Norte" },
  { "id": "MTY", "value": "Monterrey Central Autobus" },
  { "id": "SCA", "value": "Monterrey T. Sta Catarina" },
  { "id": "MLM", "value": "Morelia  Mich" },
  { "id": "MRL", "value": "Moroleon  Gto" },
  { "id": "NOG", "value": "Nogales, Sonora" },
  { "id": "NDI", "value": "Nombre De Dios  Dgo" },
  { "id": "OCN", "value": "Ojo Caliente Nte-sur  Zac" },
  { "id": "PAR", "value": "Parral.  Chih." },
  { "id": "PTC", "value": "Patzcuaro  Mich" },
  { "id": "PAZ", "value": "Poza Rica  Ver" },
  { "id": "QET", "value": "Queretaro  Qro" },
  { "id": "REX", "value": "Reynosa. Tams." },
  { "id": "RFM", "value": "Ricardo Flores Magon. Chi" },
  { "id": "RGR", "value": "Rio Grande  Zac" },
  { "id": "SMX", "value": "Salamanca  Gto" },
  { "id": "SLN", "value": "Salinas  Slp" },
  { "id": "SLW", "value": "Saltillo Central Autobus" },
  { "id": "SAV", "value": "Salvatierra  Gto" },
  { "id": "SBV", "value": "San Buenaventura. Chih." },
  { "id": "SJL", "value": "San Juan De Los Lagos jal" },
  { "id": "LZO", "value": "San Lorenzo  Chih" },
  { "id": "SLP", "value": "San Luis Potosi  Slp" },
  { "id": "STD", "value": "Santa Maria Del Oro  Dgo" },
  { "id": "SAU", "value": "Saucillo  Chih" },
  { "id": "SIL", "value": "Silao  Gto" },
  { "id": "SOM", "value": "Sombrerete  Zac" },
  { "id": "CZO", "value": "Suc. El Carrizo Hgo.  Dgo" },
  { "id": "PAG", "value": "Suc. Paseos Agu." },
  { "id": "TAM", "value": "Tampico Central Autobus" },
  { "id": "TEC", "value": "Tecoman  Col" },
  { "id": "TPZ", "value": "Tepotzotlán  Mex" },
  { "id": "TLA", "value": "Tlaltenango   Zac" },
  { "id": "TLC", "value": "Toluca  Mex" },
  { "id": "TRC", "value": "Torreón  Coah" },
  { "id": "TCA", "value": "Tres Castillos. Chih." },
  { "id": "TNY", "value": "Tepic Central Autobus Nay" },
  { "id": "TXM", "value": "Tuxpan Michoacán  Mich" },
  { "id": "TCT", "value": "Tuxpan Centro Veracruz" },
  { "id": "TXP", "value": "Tuxpan  Veracruz" },
  { "id": "UPN", "value": "Uruapan  Mich" },
  { "id": "VGE", "value": "Vicente Guerrero  Dgo" },
  { "id": "VAH", "value": "Villa Ahumada  Chih" },
  { "id": "VOC", "value": "Villa Ocampo. Dgo" },
  { "id": "YUR", "value": "Yuriria  Gto" },
  { "id": "ZCL", "value": "Zacatecas Central Autobus" },
  { "id": "GZA", "value": "Zacatecas Trmnl Guadalupe" },
  { "id": "ZAM", "value": "Zamora  Mich" },
  { "id": "ZTC", "value": "Zitacuaro  Mich" }
]
