[
  { "id": "AEG", "value": "Aeropuerto Gdl  Jal" },
  { "id": "AGU", "value": "Aguascalientes C. Autobus" },
  { "id": "AHU", "value": "Ahuacatlán  Nay" },
  { "id": "ATA", "value": "Atlacomulco  Mex" },
  { "id": "CCA", "value": "Camargo  Chih" },
  { "id": "CUU", "value": "Chihuahua Central Autobus" },
  { "id": "PIM", "value": "Chihuahua Pistolasmeneses" },
  { "id": "DEL", "value": "Ciudad Delicias  Chih" },
  { "id": "JIM", "value": "Ciudad Jimenez  Chih" },
  { "id": "CJS", "value": "Ciudad Juarez  Chih" },
  { "id": "GOP", "value": "Gomez Palacio C. Autobus" },
  { "id": "GDL", "value": "Guadalajara  Jal" },
  { "id": "HA2", "value": "Hamburgo Plaza Palmas Gomez Palacio" },
  { "id": "IPO", "value": "Irapuato  Gto" },
  { "id": "IXT", "value": "Ixtlan Del Rio  Nay" },
  { "id": "BJX", "value": "Leon  Gto" },
  { "id": "MAM", "value": "Matamoros. Tamps." },
  { "id": "MZT", "value": "Mazatlan Sin." },
  { "id": "MEX", "value": "Mexico Central Norte" },
  { "id": "OBS", "value": "Mexico Observatorio" },
  { "id": "MTY", "value": "Monterrey Central Autobus" },
  { "id": "NLD", "value": "Nuevo Laredo Tamps." },
  { "id": "QET", "value": "Queretaro  Qro" },
  { "id": "REX", "value": "Reynosa. Tams." },
  { "id": "TNY", "value": "Tepic Central Autobus Nay" },
  { "id": "TPZ", "value": "Tepotzotlán  Mex" },
  { "id": "TLC", "value": "Toluca  Mex" },
  { "id": "TRC", "value": "Torreón  Coah" },
  { "id": "TLI", "value": "Tren Ligero  Jal" },
  { "id": "ZCL", "value": "Zacatecas Central Autobus" },
  { "id": "ZPP", "value": "Zapopan  Jal" }
]
