[{"id":"AGU","value":"Aguascalientes C. Autobus"},{"id":"CYA","value":"Celaya  Gto"},{"id":"ATG","value":"Ciudad Altamirano  Gro"},{"id":"HID","value":"Ciudad Hidalgo  Mich"},{"id":"COO","value":"Concepción Del Oro   Zac"},{"id":"FRE","value":"Fresnillo   Zac"},{"id":"GDL","value":"Guadalajara  Jal"},{"id":"GTO","value":"Guanajuato  Gto"},{"id":"IPO","value":"Irapuato  Gto"},{"id":"LPI","value":"La Piedad  Mich"},{"id":"BJX","value":"Leon  Gto"},{"id":"MEX","value":"Mexico Central Norte"},{"id":"MTY","value":"Monterrey Central Autobus"},{"id":"MLM","value":"Morelia  Mich"},{"id":"PTC","value":"Patzcuaro  Mich"},{"id":"QET","value":"Queretaro  Qro"},{"id":"SMX","value":"Salamanca  Gto"},{"id":"SLW","value":"Saltillo Central Autobus"},{"id":"SJL","value":"San Juan De Los Lagos jal"},{"id":"TLC","value":"Toluca  Mex"},{"id":"ZCL","value":"Zacatecas Central Autobus"},{"id":"ZAM","value":"Zamora  Mich"}]