[{"id":"AGU","value":"Aguascalientes C. Autobus"},
{"id":"FRE","value":"Fresnillo Zac"},
{"id":"GDL","value":"Guadalajara Jal"},
{"id":"GTO","value":"Guanajuato Gto"},
{"id":"JU2","value":"Juan Aldama 2 Zac"},
{"id":"JUA","value":"Juan Aldama Zac"},
{"id":"BJX","value":"Leon Gto"},
{"id":"MAM","value":"Matamoros. Tamps."},
{"id":"MTY","value":"Monterrey Central Autobus"},
{"id":"NLD","value":"Nuevo Laredo Tamps"},
{"id":"REX","value":"Reynosa. Tams."},
{"id":"RGR","value":"Rio Grande Zac"},
{"id":"SAI","value":"Sain Alto Zac"},
{"id":"SLW","value":"Saltillo Central Autobus"},
{"id":"SOM","value":"Sombrerete Zac"},
{"id":"PAG","value":"Suc. Paseos Agu"},
{"id":"ZCL","value":"Zacatecas Central Autobus"},
{"id":"GZA","value":"Zacatecas Trmnl Guadalupe"}]