[{"id":"FRE","value":"Fresnillo   Zac"},{"id":"GOP","value":"Gomez Palacio C. Autobus"},{"id":"JUA","value":"Juan Aldama  Zac"},{"id":"MAM","value":"Matamoros. Tamps."},{"id":"MTY","value":"Monterrey Central Autobus"},{"id":"PBC","value":"Peñon Blanco  Dgo"},{"id":"REX","value":"Reynosa. Tams."},{"id":"RGR","value":"Rio Grande  Zac"},{"id":"SLW","value":"Saltillo Central Autobus"},{"id":"CTR","value":"Torreon  Centro"},{"id":"TRC","value":"Torreón  Coah"},{"id":"ZCL","value":"Zacatecas Central Autobus"}]