[
  { "id": "ACR", "value": "Acambaro  Gto" },
  { "id": "APS", "value": "Agua Prieta  Son" },
  { "id": "AGU", "value": "Aguascalientes C. Autobus" },
  { "id": "ALL", "value": "Allende  Chih" },
  { "id": "CAO", "value": "Alvaro Obregon  Chih" },
  { "id": "ANG", "value": "Angostura  Chih" },
  { "id": "ATA", "value": "Atlacomulco  Mex" },
  { "id": "BAC", "value": "Bachiniva  Chih" },
  { "id": "CCA", "value": "Camargo  Chih" },
  { "id": "C101", "value": "Campo 101  Chih" },
  { "id": "CSM", "value": "Campo Seis Y Medio  Chih" },
  { "id": "CNE", "value": "Cananea  Son" },
  { "id": "CAS", "value": "Casas Grandes  Chih" },
  { "id": "CYA", "value": "Celaya  Gto" },
  { "id": "CTO", "value": "Ciudad Cuauhtemoc  Chih" },
  { "id": "DEL", "value": "Ciudad Delicias  Chih" },
  { "id": "HID", "value": "Ciudad Hidalgo  Mich" },
  { "id": "JIM", "value": "Ciudad Jimenez  Chih" },
  { "id": "CJS", "value": "Ciudad Juarez  Chih" },
  { "id": "CIN", "value": "Col. Independencia  Chih" },
  { "id": "COL", "value": "Colima  Col" },
  { "id": "QVO", "value": "Colonia Quevedo  Chih" },
  { "id": "CUI", "value": "Cuitaca  Son" },
  { "id": "DGO", "value": "Durango Central Autobus" },
  { "id": "ERE", "value": "Ejido Revolución  Dgo" },
  { "id": "ROD", "value": "El Rodeo  Dgo" },
  { "id": "FRE", "value": "Fresnillo   Zac" },
  { "id": "GAL", "value": "Galeana  Chih" },
  { "id": "GFA", "value": "Gomez Farias  Chih" },
  { "id": "GOP", "value": "Gomez Palacio C. Autobus" },
  { "id": "HAM", "value": "Terminal Hamburgo Gomez Palacio" },
  { "id": "SLU", "value": "Granjas Sta. Lucia  Dgo" },
  { "id": "GDL", "value": "Guadalajara  Jal" },
  { "id": "HA2", "value": "Hamburgo Plaza Palmas Gomez Palacio" },
  { "id": "ZAR", "value": "Ignacio Zaragoza  Chih" },
  { "id": "IMU", "value": "Imuris  Son" },
  { "id": "IPO", "value": "Irapuato  Gto" },
  { "id": "JAN", "value": "Janos  Chih" },
  { "id": "JUA", "value": "Juan Aldama  Zac" },
  { "id": "LPI", "value": "La Piedad  Mich" },
  { "id": "LPN", "value": "La Pinta  Chih" },
  { "id": "LZA", "value": "La Zarca  Dgo" },
  { "id": "LAG", "value": "Lagunitas  Chih" },
  { "id": "LNI", "value": "Las Nieve  Dgo" },
  { "id": "LVA", "value": "Las Varas  Chih" },
  { "id": "LEB", "value": "Lebaron  Chih" },
  { "id": "BJX", "value": "Leon  Gto" },
  { "id": "LMO", "value": "Luis Moya. Zac." },
  { "id": "ZLO", "value": "Manzanillo  Col" },
  { "id": "MVT", "value": "Maravatio  Mich" },
  { "id": "MAM", "value": "Matamoros. Tamps." },
  { "id": "MEX", "value": "Mexico Central Norte" },
  { "id": "MTY", "value": "Monterrey Central Autobus" },
  { "id": "SCA", "value": "Monterrey T. Sta Catarina" },
  { "id": "MLM", "value": "Morelia  Mich" },
  { "id": "MRL", "value": "Moroleon  Gto" },
  { "id": "NOG", "value": "Nogales  Son" },
  { "id": "NDI", "value": "Nombre De Dios  Dgo" },
  { "id": "OJI", "value": "Ojinaga  Chih" },
  { "id": "OCN", "value": "Ojo Caliente Nte-sur  Zac" },
  { "id": "PAR", "value": "Parral.  Chih." },
  { "id": "PTC", "value": "Patzcuaro  Mich" },
  { "id": "PEB", "value": "Peña Blanca  Chih" },
  { "id": "PAZ", "value": "Poza Rica  Ver" },
  { "id": "QET", "value": "Queretaro  Qro" },
  { "id": "RCO", "value": "Rancho Colorado  Chih" },
  { "id": "REX", "value": "Reynosa. Tams." },
  { "id": "RFM", "value": "Ricardo Flores Magon. Chi" },
  { "id": "RGR", "value": "Rio Grande  Zac" },
  { "id": "SMX", "value": "Salamanca  Gto" },
  { "id": "SLN", "value": "Salinas  Slp" },
  { "id": "SLW", "value": "Saltillo Central Autobus" },
  { "id": "SIO", "value": "Saltillo Suc. El Indio" },
  { "id": "SAV", "value": "Salvatierra  Gto" },
  { "id": "SBV", "value": "San Buenaventura. Chih." },
  { "id": "SJL", "value": "San Juan De Los Lagos jal" },
  { "id": "SLP", "value": "San Luis Potosi  Slp" },
  { "id": "STD", "value": "Santa Maria Del Oro  Dgo" },
  { "id": "SAU", "value": "Saucillo  Chih" },
  { "id": "SIL", "value": "Silao  Gto" },
  { "id": "SOM", "value": "Sombrerete  Zac" },
  { "id": "SOT", "value": "Soto Mainez  Chih" },
  { "id": "CZO", "value": "Suc. El Carrizo Hgo.  Dgo" },
  { "id": "PAG", "value": "Suc. Paseos Agu." },
  { "id": "TAM", "value": "Tampico Central Autobus" },
  { "id": "TEC", "value": "Tecoman  Col" },
  { "id": "TNY", "value": "Tepic Central Autobus Nay" },
  { "id": "TPZ", "value": "Tepotzotlán  Mex" },
  { "id": "TLC", "value": "Toluca  Mex" },
  { "id": "TRC", "value": "Torreón  Coah" },
  { "id": "TCA", "value": "Tres Castillos. Chih." },
  { "id": "TXM", "value": "Tuxpan Michoacán  Mich" },
  { "id": "TCT", "value": "Tuxpan Centro Veracruz" },
  { "id": "TXP", "value": "Tuxpan  Veracruz" },
  { "id": "UPN", "value": "Uruapan  Mich" },
  { "id": "VGE", "value": "Vicente Guerrero  Dgo" },
  { "id": "VAH", "value": "Villa Ahumada  Chih" },
  { "id": "VOC", "value": "Villa Ocampo. Dgo" },
  { "id": "YUR", "value": "Yuriria  Gto" },
  { "id": "ZCL", "value": "Zacatecas Central Autobus" },
  { "id": "GZA", "value": "Zacatecas Trmnl Guadalupe" },
  { "id": "ZAM", "value": "Zamora  Mich" },
  { "id": "ZTC", "value": "Zitacuaro  Mich" }
]
