[{"id":"ATA","value":"Atlacomulco Mex"},
{"id":"CYA","value":"Celaya  Gto"},
{"id":"IPO","value":"Irapuato  Gto"},
{"id":"LPI","value":"La Piedad  Mich"},
{"id":"MAM","value":"Matamoros. Tamps."},
{"id":"MEX","value":"Mexico Central Norte"},
{"id":"MLM","value":"Morelia  Mich"},
{"id":"QET","value":"Queretaro  Qro"},
{"id":"REX","value":"Reynosa. Tams."},
{"id":"SMX","value":"Salamanca Gto"},
{"id":"TAM","value":"Tampico Central Autobus"},
{"id":"TLE","value":"Tampico Terminal Ejercito"},
{"id":"TPZ","value":"Tepotzotlán Mex"},
{"id":"TLC","value":"Toluca Mex"},
{"id":"UPN","value":"Uruapan  Mich"},
{"id":"ZAM","value":"Zamora  Mich"}]