[
  { "id": "APS", "value": "Agua Prieta  Son" },
  { "id": "CCA", "value": "Camargo  Chih" },
  { "id": "CNE", "value": "Cananea  Son" },
  { "id": "CAS", "value": "Casas Grandes  Chih" },
  { "id": "CUU", "value": "Chihuahua Central Autobus" },
  { "id": "PIM", "value": "Chihuahua Pistolasmeneses" },
  { "id": "DEL", "value": "Ciudad Delicias  Chih" },
  { "id": "HID", "value": "Ciudad Hidalgo  Mich" },
  { "id": "JIM", "value": "Ciudad Jimenez  Chih" },
  { "id": "CJS", "value": "Ciudad Juarez  Chih" },
  { "id": "CEM", "value": "Ciudad Valles  Slp" },
  { "id": "CVM", "value": "Ciudad Victoria  Tamps" },
  { "id": "DGO", "value": "Durango Central Autobus" },
  { "id": "FRE", "value": "Fresnillo   Zac" },
  { "id": "GOP", "value": "Gomez Palacio C. Autobus" },
  { "id": "HAM", "value": "Terminal Hamburgo Gomez Palacio" },
  { "id": "HA2", "value": "Hamburgo Plaza Palmas Gomez Palacio" },
  { "id": "HUA", "value": "Huauchinango  Pue" },
  { "id": "IMU", "value": "Imuris  Son" },
  { "id": "IXP", "value": "Ixtapa Zihuatanejo  Gro" },
  { "id": "JAN", "value": "Janos  Chih" },
  { "id": "JU2", "value": "Juan Aldama 2  Zac" },
  { "id": "LGS", "value": "Lagos De Moreno  Jal" },
  { "id": "LZC", "value": "Lazaro Cardenas  Mich" },
  { "id": "MVT", "value": "Maravatio  Mich" },
  { "id": "MAM", "value": "Matamoros. Tamps." },
  { "id": "MTY", "value": "Monterrey Central Autobus" },
  { "id": "NOG", "value": "Nogales  Son" },
  { "id": "NLD", "value": "Nuevo Laredo  Tamps" },
  { "id": "PAZ", "value": "Poza Rica  Ver" },
  { "id": "REX", "value": "Reynosa. Tams." },
  { "id": "RFM", "value": "Ricardo Flores Magon. Chi" },
  { "id": "RGR", "value": "Rio Grande  Zac" },
  { "id": "PAG", "value": "Suc. Paseos Agu." },
  { "id": "SLW", "value": "Saltillo Central Autobus" },
  { "id": "TAM", "value": "Tampico Central Autobus" },
  { "id": "TNY", "value": "Tepic Central Autobus Nay" },
  { "id": "TRC", "value": "Torreón  Coah" },
  { "id": "TXM", "value": "Tuxpan Michoacán  Mich" },
  { "id": "TCT", "value": "Tuxpan Centro Veracruz" },
  { "id": "TXP", "value": "Tuxpan  Veracruz" },
  { "id": "ZCL", "value": "Zacatecas Central Autobus" },
  { "id": "ZIH", "value": "Zihuatanejo  Gro" },
  { "id": "ZTC", "value": "Zitacuaro  Mich" }
]
