[{"id":"AEG","value":"Aeropuerto Gdl Jal"},
{"id":"APS","value":"Agua Prieta Son"},
{"id":"AGU","value":"Aguascalientes C. Autobus"},
{"id":"ATA","value":"Atlacomulco Mex"},
{"id":"CNE","value":"Cananea Son"},
{"id":"CAS","value":"Casas Grandes Chih"},
{"id":"CYA","value":"Celaya Gto"},
{"id":"CUU","value":"Chihuahua Central Autobus"},
{"id":"PIM","value":"Chihuahua Pistolasmeneses"},
{"id":"ZOO","value":"Chihuahua Zootecnia"},
{"id":"CJS","value":"Ciudad Juarez Chih"},
{"id":"CEM","value":"Ciudad Valles Slp"},
{"id":"COL","value":"Colima Col"},
{"id":"ROD","value":"El Rodeo Dgo"},
{"id":"FRE","value":"Fresnillo Zac"},
{"id":"GOP","value":"Gomez Palacio C. Autobus"},
{"id":"GD1","value":"Guadalajara Modulo 1"},
{"id":"GDL","value":"Guadalajara Jal"},
{"id":"GVI","value":"Guadalupe Victoria Dgo"},
{"id":"HA2","value":"Hamburgo Las Palmas Dgo"},
{"id":"IMU","value":"Imuris Son"},
{"id":"IPO","value":"Irapuato Gto"},
{"id":"JAN","value":"Janos Chih"},
{"id":"LZA","value":"La Zarca Dgo"},
{"id":"LNI","value":"Las Nieve Dgo"},
{"id":"BJX","value":"Leon Gto"},
{"id":"ZLO","value":"Manzanillo Col"},
{"id":"MAM","value":"Matamoros. Tamps."},
{"id":"MZT","value":"Mazatlan Sin."},
{"id":"MEX","value":"Mexico Central Norte"},
{"id":"MTY","value":"Monterrey Central Autobus"},
{"id":"MLM","value":"Morelia Mich"},
{"id":"NOG","value":"Nogales Son"},
{"id":"NDI","value":"Nombre De Dios Dgo"},
{"id":"NLD","value":"Nuevo Laredo Tamps"},
{"id":"PAR","value":"Parral. Chih."},
{"id":"PBC","value":"Peñon Blanco Dgo"},
{"id":"PAZ","value":"Poza Rica Ver"},
{"id":"QET","value":"Queretaro Qro"},
{"id":"REX","value":"Reynosa. Tams."},
{"id":"RFM","value":"Ricardo Flores Magon. Chi"},
{"id":"SAI","value":"Sain Alto Zac"},
{"id":"SMX","value":"Salamanca Gto"},
{"id":"SLN","value":"Salinas Slp"},
{"id":"SWN","value":"Saltillo Norte"},
{"id":"SLW","value":"Saltillo Central Autobus"},
{"id":"SLP","value":"San Luis Potosi Slp"},
{"id":"SOM","value":"Sombrerete Zac"},
{"id":"CZO","value":"Suc. El Carrizo Hgo. Dgo"},
{"id":"PAG","value":"Suc. Paseos Agu"},
{"id":"TAM","value":"Tampico Central Autobus"},
{"id":"TEC","value":"Tecoman Col"},
{"id":"TPZ","value":"Tepotzotlán Mex"},
{"id":"HAM","value":"Terminal Hamburgo Dgo"},
{"id":"TLC","value":"Toluca Mex"},
{"id":"TRC","value":"Torreón Coah"},
{"id":"TLI","value":"Tren Ligero Jal"},
{"id":"TCT","value":"Tuxpan Term. Centro Ver"},
{"id":"TXP","value":"Tuxpan Veracruz"},
{"id":"VGE","value":"Vicente Guerrero Dgo"},
{"id":"VIG","value":"Villas De Guadiana Dgo"},
{"id":"ZCL","value":"Zacatecas Central Autobus"},
{"id":"GZA","value":"Zacatecas Trmnl Guadalupe"},
{"id":"ZPP","value":"Zapopan Jal"}]