[{"id":"AGU","value":"Aguascalientes C. Autobus"},{"id":"CHA","value":"Chapulhuacán  Hgo"},{"id":"CEM","value":"Ciudad Valles  Slp"},{"id":"GDL","value":"Guadalajara  Jal"},{"id":"LGS","value":"Lagos De Moreno  Jal"},{"id":"BJX","value":"Leon  Gto"},{"id":"MLP","value":"Matlapa  Slp"},{"id":"MEX","value":"Mexico Central Norte"},{"id":"PCA","value":"Pachuca  Hgo"},{"id":"QET","value":"Queretaro  Qro"},{"id":"SJL","value":"San Juan De Los Lagos jal"},{"id":"SLP","value":"San Luis Potosi  Slp"},{"id":"SIL","value":"Silao  Gto"},{"id":"TMZ","value":"Tamazunchale  Slp"},{"id":"TAM","value":"Tampico Central Autobus"},{"id":"TAN","value":"Tamuin  Slp"}]