[{"id":"AGU2","value":"Aguascalientes Agr. Norte"},{"id":"AGU","value":"Aguascalientes C. Autobus"},{"id":"DGO","value":"Durango Central Autobus"},{"id":"FRE","value":"Fresnillo   Zac"},{"id":"GDL","value":"Guadalajara  Jal"},{"id":"MTY","value":"Monterrey Central Autobus"},{"id":"NDI","value":"Nombre De Dios  Dgo"},{"id":"NLD","value":"Nuevo Laredo  Tamps"},{"id":"SAI","value":"Sain Alto  Zac"},{"id":"SLW","value":"Saltillo Central Autobus"},{"id":"SJL","value":"San Juan De Los Lagos jal"},{"id":"SOM","value":"Sombrerete  Zac"},{"id":"VGE","value":"Vicente Guerrero  Dgo"},{"id":"VIG","value":"Villas De Guadiana  Dgo"},{"id":"ZCL","value":"Zacatecas Central Autobus"}]