[{"id":"ACR","value":"Acambaro Gto"},
{"id":"AEG","value":"Aeropuerto Gdl Jal"},
{"id":"APS","value":"Agua Prieta Son"},
{"id":"AGU","value":"Aguascalientes C. Autobus"},
{"id":"ATA","value":"Atlacomulco Mex"},
{"id":"CCA","value":"Camargo Chih"},
{"id":"CNE","value":"Cananea Son"},
{"id":"CAS","value":"Casas Grandes Chih"},
{"id":"CYA","value":"Celaya Gto"},
{"id":"CUU","value":"Chihuahua Central Autobus"},
{"id":"PIM","value":"Chihuahua Pistolasmeneses"},
{"id":"DEL","value":"Ciudad Delicias Chih"},
{"id":"HID","value":"Ciudad Hidalgo Mich"},
{"id":"JIM","value":"Ciudad Jimenez Chih"},
{"id":"CJS","value":"Ciudad Juarez Chih"},
{"id":"CEM","value":"Ciudad Valles Slp"},
{"id":"COL","value":"Colima Col"},
{"id":"CLT","value":"Colotlán Jal"},
{"id":"COO","value":"Concepción Del Oro Zac"},
{"id":"CUE","value":"Cuencamé Dgo"},
{"id":"DGO","value":"Durango Central Autobus"},
{"id":"GOP","value":"Gomez Palacio C. Autobus"},
{"id":"GD1","value":"Guadalajara Modulo 1"},
{"id":"GDL","value":"Guadalajara Jal"},
{"id":"HA2","value":"Hamburgo Las Palmas Dgo"},
{"id":"HUE","value":"Huejucar Jal"},
{"id":"IMU","value":"Imuris Son"},
{"id":"IPO","value":"Irapuato Gto"},
{"id":"JAN","value":"Janos Chih"},
{"id":"JER","value":"Jerez Zac"},
{"id":"JU2","value":"Juan Aldama 2 Zac"},
{"id":"JUA","value":"Juan Aldama Zac"},
{"id":"LPI","value":"La Piedad Mich"},
{"id":"BJX","value":"Leon Gto"},
{"id":"ZLO","value":"Manzanillo Col"},
{"id":"MVT","value":"Maravatio Mich"},
{"id":"MAM","value":"Matamoros. Tamps."},
{"id":"MEX","value":"Mexico Central Norte"},
{"id":"MTY","value":"Monterrey Central Autobus"},
{"id":"MLM","value":"Morelia Mich"},
{"id":"MRL","value":"Moroleon Gto"},
{"id":"NOG","value":"Nogales Son"},
{"id":"NDI","value":"Nombre De Dios Dgo"},
{"id":"PJM","value":"Penjamo Gto."},
{"id":"PAZ","value":"Poza Rica Ver"},
{"id":"QET","value":"Queretaro Qro"},
{"id":"REX","value":"Reynosa. Tams."},
{"id":"RFM","value":"Ricardo Flores Magon. Chi"},
{"id":"RGR","value":"Rio Grande Zac"},
{"id":"SAI","value":"Sain Alto Zac"},
{"id":"SMX","value":"Salamanca Gto"},
{"id":"SLN","value":"Salinas Slp"},
{"id":"SLW","value":"Saltillo Central Autobus"},
{"id":"SAV","value":"Salvatierra Gto"},
{"id":"SJQ","value":"San Juan Del Rio qro"},
{"id":"SLP","value":"San Luis Potosi Slp"},
{"id":"SOM","value":"Sombrerete Zac"},
{"id":"PAG","value":"Suc. Paseos Agu"},
{"id":"TAM","value":"Tampico Central Autobus"},
{"id":"TEC","value":"Tecoman Col"},
{"id":"TPZ","value":"Tepotzotlán Mex"},
{"id":"HAM","value":"Terminal Hamburgo Dgo"},
{"id":"TLA","value":"Tlaltenango Zac"},
{"id":"TLC","value":"Toluca Mex"},
{"id":"TRC","value":"Torreón Coah"},
{"id":"TLI","value":"Tren Ligero Jal"},
{"id":"TXM","value":"Tuxpan Michoacán Mich"},
{"id":"TCT","value":"Tuxpan Term. Centro Ver"},
{"id":"TXP","value":"Tuxpan Veracruz"},
{"id":"UPN","value":"Uruapan Mich"},
{"id":"VGE","value":"Vicente Guerrero Dgo"},
{"id":"ZCL","value":"Zacatecas Central Autobus"},
{"id":"GZA","value":"Zacatecas Trmnl Guadalupe"},
{"id":"ZAM","value":"Zamora Mich"},
{"id":"ZPP","value":"Zapopan Jal"},
{"id":"ZTC","value":"Zitacuaro Mich"}]