[
  { "id": "ANM", "value": "Angamacutiro Mich." },
  { "id": "CAB", "value": "Caborca Sonora" },
  { "id": "CEN", "value": "Cd. Obregon Sonora" },
  { "id": "CLO", "value": "Colosio Nayarit" },
  { "id": "CAC", "value": "Culiacan Sin." },
  { "id": "EML", "value": "Empalme Sonora" },
  { "id": "GD1", "value": "Guadalajara Modulo 1" },
  { "id": "GDL", "value": "Guadalajara Modulo 6" },
  { "id": "GSV", "value": "Guasave Sinaloa" },
  { "id": "GYM", "value": "Guaymas Sonora" },
  { "id": "HMO", "value": "Hermosillo C. Autobuses" },
  { "id": "HET", "value": "Hermosillo Ter Son." },
  { "id": "LPI", "value": "La Piedad Michoacan" },
  { "id": "MRM", "value": "Los Mochis Suc Morelos" },
  { "id": "LMM", "value": "Los Mochis Sin" },
  { "id": "MZT", "value": "Mazatlan Sinaloa" },
  { "id": "MXL", "value": "Mexicali B.c." },
  { "id": "MEX", "value": "Mexico Cdmx" },
  { "id": "MEZ", "value": "Mezcales Nayarit" },
  { "id": "MLM", "value": "Morelia Michoacan" },
  { "id": "NAJ", "value": "Navojoa Centro" },
  { "id": "NAV", "value": "Navojoa Sonora" },
  { "id": "NOG", "value": "Nogales Sonora" },
  { "id": "VLL", "value": "Nuevo Vallarta Nay." },
  { "id": "SPC", "value": "Plaza Cibeles Mxl" },
  { "id": "PVR", "value": "Puerto Vallarta Jalisco" },
  { "id": "PUR", "value": "Puruandiro Michoacan" },
  { "id": "UAC", "value": "S. L. Rio Colorado So" },
  { "id": "ANA", "value": "Santa Ana Sonora" },
  { "id": "SON", "value": "Sonoyta Sonora" },
  { "id": "GEZ", "value": "Sucursal Plaza Guadalupe" },
  { "id": "TNY", "value": "Tepic Central Autobus Nay" },
  { "id": "TPZ", "value": "Tepotzotlan Edomex" },
  { "id": "HET", "value": "Terminal Hermosillo Son" },
  { "id": "TIJ", "value": "Tijuana B.c." },
  { "id": "TLI", "value": "Tren Ligero Tlaquepaque" },
  { "id": "ZPP", "value": "Zapopan Jal" }
]
