[{"id":"AGU2","value":"Aguascalientes Agr. Norte"},
{"id":"AGU","value":"Aguascalientes C. Autobus"},
{"id":"CCA","value":"Camargo, Chih."},
{"id":"CUU","value":"Chuhuahua Central Autobus"},
{"id":"PIM","value":"Chuhuahua Pistolasmeneses"},
{"id":"DEL","value":"Ciudad Delicias, Chih."},
{"id":"JIM","value":"Ciudad Jimenez, Chih."},
{"id":"CJS","value":"Ciudad Júarez, Chih."},
{"id":"CAC","value":"Culiacan Sin."},
{"id":"COO","value":"Concepcion Del Oro, Zac."},
{"id":"CUE","value":"Cuencame, Dgo."},
{"id":"DGO","value":"Durango Central Autobus"},
{"id":"FRE","value":"Fresnillo, Zac."},
{"id":"GOP","value":"Gomez Palacio C. Autobus"},
{"id":"LMM","value":"Los Mochis, Sin."},
{"id":"JU2","value":"Juan Aldama 2, Zac."},
{"id":"MAM","value":"Matamoros Tamps."},
{"id":"MEX","value":"Mexico Central Norte"},
{"id":"MTY","value":"Monterrey Central Autobus"},
{"id":"NDI","value":"Nombre de Dios, Dgo."},
{"id":"NLD","value":"Nuevo Laredo, Tamps."},
{"id":"REX","value":"Rreynosa Tamps."},
{"id":"RGR","value":"Rio Grande, Zac."},
{"id":"SAI","value":"Saint Alto, Zac."},
{"id":"SLW","value":"Saltillo Central Autobus"},
{"id":"SJL","value":"San Juan de los Lagos,Jal."},
{"id":"SOM","value":"Sombrerete, Zac."},
{"id":"TNY","value":"Tepic Central Autobus Nay."},
{"id":"TPZ","value":"Tepotzotlán, Mex."},
{"id":"TRC","value":"Torréon, Coah."},
{"id":"TLI","value":"Tren Ligero, Jal."},
{"id":"VGE","value":"Vicente Guerrero, Dgo."},
{"id":"ZCL","value":"Zacatecas Central Autobus"},
{"id":"ZPP","value":"Zapopan, Jal."}]




