[
  { "id": "AEG", "value": "Aeropuerto Gdl Jal" },
  { "id": "AGU2", "value": "Aguascalientes Agr. Norte" },
  { "id": "AGU", "value": "Aguascalientes C. Autobus" },
  { "id": "AHU", "value": "Ahuacatlán Nay" },
  { "id": "ANM", "value": "Angamacutiro Mich." },
  { "id": "CAB", "value": "Caborca Sonora" },
  { "id": "CCA", "value": "Camargo Chih" },
  { "id": "CIJ", "value": "Cañada De Islas Jal" },
  { "id": "CEN", "value": "Cd. Obregon Sonora" },
  { "id": "CYA", "value": "Celaya Gto." },
  { "id": "CUU", "value": "Chihuahua Central Autobus" },
  { "id": "PIM", "value": "Chihuahua Pistolasmeneses" },
  { "id": "DEL", "value": "Ciudad Delicias Chih" },
  { "id": "CGZ", "value": "Ciudad Guzman Jal" },
  { "id": "JIM", "value": "Ciudad Jimenez Chih" },
  { "id": "CJS", "value": "Ciudad Juarez Chih" },
  { "id": "CEN", "value": "Ciudad Obregon Son." },
  { "id": "CEM", "value": "Ciudad Valles Slp" },
  { "id": "COL", "value": "Colima Col" },
  { "id": "CLO", "value": "Colosio Nayarit" },
  { "id": "CLT", "value": "Colotlán Jal" },
  { "id": "COO", "value": "Concepción Del Oro Zac" },
  { "id": "CTP", "value": "Crucero Tepatitlán Jal" },
  { "id": "CAC", "value": "Culiacan Sin." },
  { "id": "DGO", "value": "Durango Central Autobus" },
  { "id": "BAT", "value": "El Batán Jal" },
  { "id": "EML", "value": "Empalme Sonora" },
  { "id": "FRE", "value": "Fresnillo Zac" },
  { "id": "GOP", "value": "Gomez Palacio C. Autobus" },
  { "id": "GDL1", "value": "Guadalajara Mod. 1 1/2" },
  { "id": "GD1", "value": "Guadalajara Modulo 1" },
  { "id": "GCH", "value": "Guamuchil Sinaloa" },
  { "id": "GSV", "value": "Guasave Sinaloa" },
  { "id": "GYM", "value": "Guaymas Sonora" },
  { "id": "HA2", "value": "Hamburgo Las Palmas Dgo" },
  { "id": "HMO", "value": "Hermosillo C. Autobuses" },
  { "id": "HET", "value": "Hermosillo Ter Son." },
  { "id": "HUA", "value": "Huauchinango Pue" },
  { "id": "HUE", "value": "Huejucar Jal" },
  { "id": "IMU", "value": "Imuris Son" },
  { "id": "IPO", "value": "Irapuato Gto." },
  { "id": "IXT", "value": "Ixtlan Del Rio Nay" },
  { "id": "JAP", "value": "Jalpa Zac" },
  { "id": "JER", "value": "Jerez Zac" },
  { "id": "JU2", "value": "Juan Aldama 2 Zac" },
  { "id": "JUC", "value": "Juchipila. Zac." },
  { "id": "LPI", "value": "La Piedad Michoacan" },
  { "id": "LGS", "value": "Lagos De Moreno Jal" },
  { "id": "MRM", "value": "Los Mochis Suc Morelos S" },
  { "id": "LMM", "value": "Los Mochis Sin" },
  { "id": "ZLO", "value": "Manzanillo Col" },
  { "id": "MAM", "value": "Matamoros. Tamps." },
  { "id": "MZT", "value": "Mazatlan Sin." },
  { "id": "MDM", "value": "Mercado Del Mar Zapopan C" },
  { "id": "MXL", "value": "Mexicali B.c." },
  { "id": "MEX", "value": "Mexico Central Norte" },
  { "id": "MTY", "value": "Monterrey Central Autobus" },
  { "id": "MLM", "value": "Morelia Mich" },
  { "id": "MOY", "value": "Moyahua Zac" },
  { "id": "NAJ", "value": "Navojoa Centro" },
  { "id": "NAV", "value": "Navojoa Sonora" },
  { "id": "NOC", "value": "Nochistlán Zac" },
  { "id": "NOG", "value": "Nogales Son" },
  { "id": "NDI", "value": "Nombre De Dios Dgo" },
  { "id": "NLD", "value": "Nuevo Laredo Tamps" },
  { "id": "PCA", "value": "Pachuca Hgo" },
  { "id": "PTC", "value": "Patzcuaro Mich" },
  { "id": "PJM", "value": "Penjamo Gto." },
  { "id": "PAZ", "value": "Poza Rica Ver" },
  { "id": "PUR", "value": "Puruandiro Michoacan" },
  { "id": "QET", "value": "Queretaro Qro" },
  { "id": "REX", "value": "Reynosa. Tams." },
  { "id": "RGR", "value": "Rio Grande Zac" },
  { "id": "UAC", "value": "S. L. Rio Colorado So" },
  { "id": "SAI", "value": "Sain Alto Zac" },
  { "id": "SMX", "value": "Salamanca Gto" },
  { "id": "SLW", "value": "Saltillo Central Autobus" },
  { "id": "SJL", "value": "San Juan De Los Lagos jal" },
  { "id": "SLP", "value": "San Luis Potosi Slp" },
  { "id": "UAC", "value": "San Luis Rio Colorado so" },
  { "id": "ANA", "value": "Santa Ana Sonora" },
  { "id": "SOM", "value": "Sombrerete Zac" },
  { "id": "SON", "value": "Sonoyta Sonora" },
  { "id": "MXS", "value": "Suc. Mexticacan Jal" },
  { "id": "SAR", "value": "Suc. Soriana Altamira" },
  { "id": "STZ", "value": "Suc. Tecnológico Zac" },
  { "id": "GEZ", "value": "Sucursal Plaza Guadalupe" },
  { "id": "TAB", "value": "Tabasco. Zac." },
  { "id": "TAM", "value": "Tampico Central Autobus" },
  { "id": "TMN", "value": "Tampico Norte Tamps" },
  { "id": "TLE", "value": "Tampico Terminal Ejercito" },
  { "id": "TEC", "value": "Tecoman Col" },
  { "id": "TNY", "value": "Tepic Central Autobus Nay" },
  { "id": "CLO", "value": "Tepic Terminal Colosio" },
  { "id": "TPZ", "value": "Tepotzotlan Edomex" },
  { "id": "HAM", "value": "Terminal Hamburgo Dgo" },
  { "id": "HET", "value": "Terminal Hermosillo Son" },
  { "id": "TEU", "value": "Teul De Glez Ortega Zac" },
  { "id": "TIJ", "value": "Tijuana B.c." },
  { "id": "TLA", "value": "Tlaltenango Zac" },
  { "id": "TRC", "value": "Torreón Coah" },
  { "id": "TLI", "value": "Tren Ligero Jal" },
  { "id": "TUJ", "value": "Tuxpan Jalisco Jal" },
  { "id": "TCT", "value": "Tuxpan Term. Centro Ver" },
  { "id": "TXP", "value": "Tuxpan Veracruz" },
  { "id": "UPN", "value": "Uruapan Mich" },
  { "id": "VGE", "value": "Vicente Guerrero Dgo" },
  { "id": "VIL", "value": "Villanueva Zac" },
  { "id": "YAH", "value": "Yahualica Jal" },
  { "id": "ZCL", "value": "Zacatecas Central Autobus" },
  { "id": "ZAM", "value": "Zamora Michoacan" },
  { "id": "ZPP", "value": "Zapopan Jal" }
]
