[
  { "id": "AGU2", "value": "Aguascalientes Agr. Norte" },
  { "id": "AGU", "value": "Aguascalientes C. Autobus" },
  { "id": "FRE", "value": "Fresnillo Zac" },
  { "id": "GOP", "value": "Gomez Palacio C. Autobus" },
  { "id": "HA2", "value": "Hamburgo Las Palmas Dgo" },
  { "id": "JU2", "value": "Juan Aldama 2 Zac" },
  { "id": "RGR", "value": "Rio Grande Zac" },
  { "id": "TNY", "value": "Tepic Central Autobus Nay" },
  { "id": "TRC", "value": "Torreón Coah" },
  { "id": "ZCL", "value": "Zacatecas Central Autobus" }
]
