[
  { "id": "AMON", "value": "Aeropuerto Terminal C" },
  { "id": "APS", "value": "Agua Prieta Son" },
  { "id": "AGU", "value": "Aguascalientes C. Autobus" },
  { "id": "ATA", "value": "Atlacomulco Mex" },
  { "id": "CCA", "value": "Camargo Chih" },
  { "id": "CNE", "value": "Cananea Son" },
  { "id": "CAS", "value": "Casas Grandes Chih" },
  { "id": "CYA", "value": "Celaya Gto" },
  { "id": "CUU", "value": "Chihuahua Central Autobus" },
  { "id": "PIM", "value": "Chihuahua Pistolasmeneses" },
  { "id": "ZOO", "value": "Chihuahua Zootecnia" },
  { "id": "DEL", "value": "Ciudad Delicias Chih" },
  { "id": "CGZ", "value": "Ciudad Guzman Jal" },
  { "id": "JIM", "value": "Ciudad Jimenez Chih" },
  { "id": "CJS", "value": "Ciudad Juarez Chih" },
  { "id": "COL", "value": "Colima Col" },
  { "id": "CCI", "value": "Cuatro Cienegas Coah." },
  { "id": "CUE", "value": "Cuencamé Dgo" },
  { "id": "DGO", "value": "Durango Central Autobus" },
  { "id": "FMC", "value": "Fco I Madero Coahuila" },
  { "id": "FRE", "value": "Fresnillo Zac" },
  { "id": "GD1", "value": "Guadalajara Modulo 1" },
  { "id": "GDL", "value": "Guadalajara Jal" },
  { "id": "HA2", "value": "Hamburgo Las Palmas Dgo" },
  { "id": "IMU", "value": "Imuris Son" },
  { "id": "IPO", "value": "Irapuato Gto" },
  { "id": "JAN", "value": "Janos Chih" },
  { "id": "JU2", "value": "Juan Aldama 2 Zac" },
  { "id": "JUA", "value": "Juan Aldama Zac" },
  { "id": "BJX", "value": "Leon Gto" },
  { "id": "ZLO", "value": "Manzanillo Col" },
  { "id": "MAC", "value": "Matamoros Coahuila Coah" },
  { "id": "MAM", "value": "Matamoros. Tamps." },
  { "id": "MZT", "value": "Mazatlan Sin." },
  { "id": "MEX", "value": "Mexico Central Norte" },
  { "id": "LOV", "value": "Monclova Coah." },
  { "id": "MTY", "value": "Monterrey Central Autobus" },
  { "id": "MLM", "value": "Morelia Mich" },
  { "id": "MRL", "value": "Moroleon Gto" },
  { "id": "NOG", "value": "Nogales Son" },
  { "id": "NLD", "value": "Nuevo Laredo Tamps" },
  { "id": "PAR", "value": "Parral. Chih." },
  { "id": "PBC", "value": "Peñon Blanco Dgo" },
  { "id": "PAZ", "value": "Poza Rica Ver" },
  { "id": "QET", "value": "Queretaro Qro" },
  { "id": "REX", "value": "Reynosa. Tams." },
  { "id": "RFM", "value": "Ricardo Flores Magon. Chi" },
  { "id": "RGR", "value": "Rio Grande Zac" },
  { "id": "SMX", "value": "Salamanca Gto" },
  { "id": "SLN", "value": "Salinas Slp" },
  { "id": "SWN", "value": "Saltillo Norte" },
  { "id": "SLW", "value": "Saltillo Central Autobus" },
  { "id": "SJL", "value": "San Juan De Los Lagos jal" },
  { "id": "SJQ", "value": "San Juan Del Rio qro" },
  { "id": "SLP", "value": "San Luis Potosi Slp" },
  { "id": "SSP", "value": "Suc San Pedro Coahuila" },
  { "id": "PAG", "value": "Suc. Paseos Agu" },
  { "id": "TAM", "value": "Tampico Central Autobus" },
  { "id": "TPZ", "value": "Tepotzotlán Mex" },
  { "id": "HAM", "value": "Terminal Hamburgo Dgo" },
  { "id": "TNY", "value": "Tepic Central Autobus Nay" },
  { "id": "TLC", "value": "Toluca Mex" },
  { "id": "TRC", "value": "Torreón Coah" },
  { "id": "TLI", "value": "Tren Ligero Jal" },
  { "id": "TCT", "value": "Tuxpan Term. Centro Ver" },
  { "id": "TXP", "value": "Tuxpan Veracruz" },
  { "id": "UPN", "value": "Uruapan Mich" },
  { "id": "VAH", "value": "Villa Ahumada Chih" },
  { "id": "ZCL", "value": "Zacatecas Central Autobus" },
  { "id": "GZA", "value": "Zacatecas Trmnl Guadalupe" }
]
