[{"id":"CEM","value":"Ciudad Valles  Slp"},
{"id":"COO","value":"Concepción Del Oro   Zac"},
{"id":"EBA","value":"Ebano  Slp"},
{"id":"GOP","value":"Gomez Palacio C. Autobus"},
{"id":"MAM","value":"Matamoros. Tamps."},
{"id":"MTY","value":"Monterrey Central Autobus"},
{"id":"NLD","value":"Nuevo Laredo  Tamps"},
{"id":"PAR","value":"Parral.  Chih."},
{"id":"REX","value":"Reynosa. Tams."},
{"id":"SLW","value":"Saltillo Central Autobus"},
{"id":"SIO","value":"Saltillo Suc. El Indio"},
{"id":"SLP","value":"San Luis Potosi  Slp"},
{"id":"PAG","value":"Suc. Paseos Agu."},
{"id":"TAM","value":"Tampico Central Autobus"},
{"id":"TAN","value":"Tamuin  Slp"},
{"id":"TRC","value":"Torreón  Coah"},
{"id":"ZCL","value":"Zacatecas Central Autobus"}]