[{"id":"AGU","value":"Aguascalientes C. Autobus"},
{"id":"CYA","value":"Celaya  Gto"},
{"id":"GDL","value":"Guadalajara  Jal"},
{"id":"IPO","value":"Irapuato  Gto"},
{"id":"BJX","value":"Leon  Gto"},
{"id":"LMO","value":"Luis Moya. Zac."},
{"id":"MEX","value":"Mexico Central Norte"},
{"id":"OCN","value":"Ojo Caliente Nte-sur  Zac"},
{"id":"QET","value":"Queretaro  Qro"},
{"id":"SMX","value":"Salamanca  Gto"},
{"id":"SLN","value":"Salinas  Slp"},
{"id":"SLP","value":"San Luis Potosi  Slp"},
{"id":"PAG","value":"Suc. Paseos Agu."},
{"id":"TPZ","value":"Tepotzotlán  Mex"}]