[{"id":"APS","value":"Agua Prieta Son"},
{"id":"AGU","value":"Aguascalientes C. Autobus"},
{"id":"ATA","value":"Atlacomulco Mex"},
{"id":"CCA","value":"Camargo Chih"},
{"id":"CNE","value":"Cananea Son"},
{"id":"CAS","value":"Casas Grandes Chih"},
{"id":"CYA","value":"Celaya Gto"},
{"id":"CUU","value":"Chihuahua Central Autobus"},
{"id":"PIM","value":"Chihuahua Pistolasmeneses"},
{"id":"DEL","value":"Ciudad Delicias Chih"},
{"id":"CGZ","value":"Ciudad Guzman Jal"},
{"id":"JIM","value":"Ciudad Jimenez Chih"},
{"id":"CJS","value":"Ciudad Juarez Chih"},
{"id":"COL","value":"Colima Col"},
{"id":"FRE","value":"Fresnillo Zac"},
{"id":"GOP","value":"Gomez Palacio C. Autobus"},
{"id":"GD1","value":"Guadalajara Modulo 1"},
{"id":"GDL","value":"Guadalajara Jal"},
{"id":"IMU","value":"Imuris Son"},
{"id":"IPO","value":"Irapuato Gto"},
{"id":"JAN","value":"Janos Chih"},
{"id":"JUA","value":"Juan Aldama Zac"},
{"id":"BJX","value":"Leon Gto"},
{"id":"ZLO","value":"Manzanillo Col"},
{"id":"MAM","value":"Matamoros. Tamps."},
{"id":"MEX","value":"Mexico Central Norte"},
{"id":"MTY","value":"Monterrey Central Autobus"},
{"id":"MLM","value":"Morelia Mich"},
{"id":"MRL","value":"Moroleon Gto"},
{"id":"NOG","value":"Nogales Son"},
{"id":"NLD","value":"Nuevo Laredo Tamps"},
{"id":"PAZ","value":"Poza Rica Ver"},
{"id":"QET","value":"Queretaro Qro"},
{"id":"REX","value":"Reynosa. Tams."},
{"id":"RFM","value":"Ricardo Flores Magon. Chi"},
{"id":"RGR","value":"Rio Grande Zac"},
{"id":"SMX","value":"Salamanca Gto"},
{"id":"SLN","value":"Salinas Slp"},
{"id":"SWN","value":"Saltillo Norte"},
{"id":"SLW","value":"Saltillo Central Autobus"},
{"id":"SJQ","value":"San Juan Del Rio qro"},
{"id":"SLP","value":"San Luis Potosi Slp"},
{"id":"PAG","value":"Suc. Paseos Agu"},
{"id":"TAM","value":"Tampico Central Autobus"},
{"id":"TPZ","value":"Tepotzotlán Mex"},
{"id":"HAM","value":"Terminal Hamburgo Dgo"},
{"id":"TLC","value":"Toluca Mex"},
{"id":"TRC","value":"Torreón Coah"},
{"id":"TLI","value":"Tren Ligero Jal"},
{"id":"TCT","value":"Tuxpan Term. Centro Ver"},
{"id":"TXP","value":"Tuxpan Veracruz"},
{"id":"UPN","value":"Uruapan Mich"},
{"id":"ZCL","value":"Zacatecas Central Autobus"},
{"id":"GZA","value":"Zacatecas Trmnl Guadalupe"}]