[{"id":"APS","value":"Agua Prieta  Son"},{"id":"AGU","value":"Aguascalientes C. Autobus"},{"id":"CCA","value":"Camargo  Chih"},{"id":"CNE","value":"Cananea  Son"},{"id":"CAS","value":"Casas Grandes  Chih"},{"id":"CYA","value":"Celaya  Gto"},{"id":"CUU","value":"Chihuahua Central Autobus"},{"id":"PIM","value":"Chihuahua Pistolasmeneses"},{"id":"ATG","value":"Ciudad Altamirano  Gro"},{"id":"DEL","value":"Ciudad Delicias  Chih"},{"id":"JIM","value":"Ciudad Jimenez  Chih"},{"id":"CJS","value":"Ciudad Juarez  Chih"},{"id":"CUE","value":"Cuencamé  Dgo"},{"id":"DGO","value":"Durango Central Autobus"},{"id":"FRE","value":"Fresnillo   Zac"},{"id":"GDL","value":"Guadalajara  Jal"},{"id":"IMU","value":"Imuris  Son"},{"id":"IPO","value":"Irapuato  Gto"},{"id":"JAN","value":"Janos  Chih"},{"id":"JUA","value":"Juan Aldama  Zac"},{"id":"BJX","value":"Leon  Gto"},{"id":"MZT","value":"Mazatlan  Sin."},{"id":"MEX","value":"Mexico Central Norte"},{"id":"MTY","value":"Monterrey Central Autobus"},{"id":"NOG","value":"Nogales  Son"},{"id":"PAR","value":"Parral.  Chih."},{"id":"PBC","value":"Peñon Blanco  Dgo"},{"id":"QET","value":"Queretaro  Qro"},{"id":"RFM","value":"Ricardo Flores Magon. Chi"},{"id":"RGR","value":"Rio Grande  Zac"},{"id":"SMX","value":"Salamanca  Gto"},{"id":"SLN","value":"Salinas  Slp"},{"id":"SJL","value":"San Juan De Los Lagos jal"},{"id":"SLP","value":"San Luis Potosi  Slp"},{"id":"TPZ","value":"Tepotzotlán  Mex"},{"id":"ZCL","value":"Zacatecas Central Autobus"},{"id":"GZA","value":"Zacatecas Trmnl Guadalupe"}]