[{"id":"NLU","value":"Aeropuerto Felipe Angeles"},
{"id":"CYA","value":"Celaya Gto"},
{"id":"GDL","value":"Guadalajara Jal"},
{"id":"IPO","value":"Irapuato Gto"},
{"id":"BJX","value":"Leon Gto"},
{"id":"PCA","value":"Pachuca Hgo"},
{"id":"PAZ","value":"Poza Rica Ver"},
{"id":"QET","value":"Queretaro Qro"},
{"id":"SMX","value":"Salamanca Gto"},
{"id":"TAM","value":"Tampico Central Autobus"},
{"id":"TLE","value":"Tampico Terminal Ejercito"},
{"id":"TCT","value":"Tuxpan Term. Centro Ver"},
{"id":"TXP","value":"Tuxpan Veracruz"}]