[{"id":"CJS","value":"Ciudad Juarez Chih"},
{"id":"CLT","value":"Colotlán Jal"},
{"id":"FRE","value":"Fresnillo Zac"},
{"id":"GDL","value":"Guadalajara Jal"},
{"id":"JER","value":"Jerez Zac"},
{"id":"JU2","value":"Juan Aldama 2 Zac"},
{"id":"MDM","value":"Mercado Del Mar Zapopan C"},
{"id":"MEX","value":"Mexico Central Norte"},
{"id":"RGR","value":"Rio Grande Zac"},
{"id":"STZ","value":"Suc. Tecnológico Zac"},
{"id":"TPZ","value":"Tepotzotlán Mex"},
{"id":"TEU","value":"Teul De Glez Ortega Zac"},
{"id":"TLA","value":"Tlaltenango Zac"},
{"id":"ZCL","value":"Zacatecas Central Autobus"}]