[
  { "id": "ACR", "value": "Acambaro Gto" },
  { "id": "APS", "value": "Agua Prieta Son" },
  { "id": "AGU2", "value": "Aguascalientes Agr. Norte" },
  { "id": "AGU", "value": "Aguascalientes C. Autobus" },
  { "id": "CAB", "value": "Caborca Sonora" },
  { "id": "CCA", "value": "Camargo Chih" },
  { "id": "CNE", "value": "Cananea Son" },
  { "id": "CAS", "value": "Casas Grandes Chih" },
  { "id": "CEN", "value": "Cd. Obregon Sonora" },
  { "id": "CYA", "value": "Celaya Gto" },
  { "id": "CUU", "value": "Chihuahua Central Autobus" },
  { "id": "PIM", "value": "Chihuahua Pistolasmeneses" },
  { "id": "DEL", "value": "Ciudad Delicias Chih" },
  { "id": "HID", "value": "Ciudad Hidalgo Mich" },
  { "id": "JIM", "value": "Ciudad Jimenez Chih" },
  { "id": "CJS", "value": "Ciudad Juarez Chih" },
  { "id": "CEM", "value": "Ciudad Valles Slp" },
  { "id": "CVM", "value": "Ciudad Victoria Tamps" },
  { "id": "CAC", "value": "Culiacan Sinaloa" },
  { "id": "DGO", "value": "Durango Central Autobus" },
  { "id": "FRE", "value": "Fresnillo Zac" },
  { "id": "GOP", "value": "Gomez Palacio C. Autobus" },
  { "id": "GD1", "value": "Guadalajara Modulo 1" },
  { "id": "GDL", "value": "Guadalajara Modulo 6" },
  { "id": "HMO", "value": "Hermosillo C. Autobuses" },
  { "id": "HET", "value": "Hermosillo Ter Son." },
  { "id": "IMU", "value": "Imuris Son" },
  { "id": "JAN", "value": "Janos Chih" },
  { "id": "LPI", "value": "La Piedad Mich" },
  { "id": "BJX", "value": "Leon Gto" },
  { "id": "LMM", "value": "Los Mochis Sinaloa" },
  { "id": "LRY", "value": "Los Reyes Mich" },
  { "id": "MVT", "value": "Maravatio Mich" },
  { "id": "MAM", "value": "Matamoros. Tamps." },
  { "id": "MZT", "value": "Mazatlan Sinaloa" },
  { "id": "MXL", "value": "Mexicali B.c." },
  { "id": "MTY", "value": "Monterrey Central Autobus" },
  { "id": "MLM", "value": "Morelia Mich" },
  { "id": "MRL", "value": "Moroleon Gto" },
  { "id": "NOG", "value": "Nogales Son" },
  { "id": "NLD", "value": "Nuevo Laredo Tamps" },
  { "id": "PTC", "value": "Patzcuaro Mich" },
  { "id": "PJM", "value": "Penjamo Gto." },
  { "id": "PAZ", "value": "Poza Rica Ver" },
  { "id": "QET", "value": "Queretaro Qro" },
  { "id": "REX", "value": "Reynosa. Tams." },
  { "id": "RFM", "value": "Ricardo Flores Magon. Chi" },
  { "id": "UAC", "value": "S. L. Rio Colorado So" },
  { "id": "SMX", "value": "Salamanca Gto" },
  { "id": "SAV", "value": "Salvatierra Gto" },
  { "id": "SFG", "value": "San Felipe Gto Gto" },
  { "id": "SIL", "value": "Silao Gto" },
  { "id": "SON", "value": "Sonoyta Sonora" },
  { "id": "TAM", "value": "Tampico Central Autobus" },
  { "id": "TLE", "value": "Tampico Terminal Ejercito" },
  { "id": "TNY", "value": "Tepic Central Autobus Nay" },
  { "id": "CLO", "value": "Tepic Terminal Colosio" },
  { "id": "HAM", "value": "Terminal Hamburgo Dgo" },
  { "id": "TIJ", "value": "Tijuana B.c." },
  { "id": "TRC", "value": "Torreón Coah" },
  { "id": "TXM", "value": "Tuxpan Michoacán Mich" },
  { "id": "TCT", "value": "Tuxpan Term. Centro Ver" },
  { "id": "TXP", "value": "Tuxpan Veracruz" },
  { "id": "UPN", "value": "Uruapan Mich" },
  { "id": "ZCL", "value": "Zacatecas Central Autobus" },
  { "id": "ZAM", "value": "Zamora Mich" },
  { "id": "ZPP", "value": "Zapopan Jalisco" },
  { "id": "ZTC", "value": "Zitacuaro Mich" }
]
