[{"id":"APS","value":"Agua Prieta  Son"},{"id":"AGU","value":"Aguascalientes C. Autobus"},{"id":"ALL","value":"Allende  Chih"},{"id":"ANG","value":"Angostura  Chih"},{"id":"ASC","value":"Ascención  Chih"},{"id":"CCA","value":"Camargo  Chih"},{"id":"CNE","value":"Cananea  Son"},{"id":"CAS","value":"Casas Grandes  Chih"},{"id":"CUU","value":"Chihuahua Central Autobus"},{"id":"PIM","value":"Chihuahua Pistolasmeneses"},{"id":"ZOO","value":"Chihuahua Zootecnia"},{"id":"DEL","value":"Ciudad Delicias  Chih"},{"id":"JIM","value":"Ciudad Jimenez  Chih"},{"id":"CJS","value":"Ciudad Juarez  Chih"},{"id":"QVO","value":"Colonia Quevedo  Chih"},{"id":"CPA","value":"Crucero Palomas  Chih"},{"id":"CUI","value":"Cuitaca  Son"},{"id":"DGO","value":"Durango Central Autobus"},{"id":"ROD","value":"El Rodeo  Dgo"},{"id":"FRE","value":"Fresnillo   Zac"},{"id":"GAL","value":"Galeana  Chih"},{"id":"GFA","value":"Gomez Farias  Chih"},{"id":"GOP","value":"Gomez Palacio C. Autobus"},{"id":"ZAR","value":"Ignacio Zaragoza  Chih"},{"id":"IMU","value":"Imuris  Son"},{"id":"IPO","value":"Irapuato  Gto"},{"id":"JUA","value":"Juan Aldama  Zac"},{"id":"MIN","value":"La Mina  Chih"},{"id":"LZA","value":"La Zarca  Dgo"},{"id":"LAG","value":"Lagunitas  Chih"},{"id":"LNI","value":"Las Nieve  Dgo"},{"id":"LEB","value":"Lebaron  Chih"},{"id":"BJX","value":"Leon  Gto"},{"id":"MEX","value":"Mexico Central Norte"},{"id":"MLM","value":"Morelia  Mich"},{"id":"MRL","value":"Moroleon  Gto"},{"id":"NOG","value":"Nogales  Son"},{"id":"PAR","value":"Parral.  Chih."},{"id":"QET","value":"Queretaro  Qro"},{"id":"RFM","value":"Ricardo Flores Magon. Chi"},{"id":"RGR","value":"Rio Grande  Zac"},{"id":"SMX","value":"Salamanca  Gto"},{"id":"SBV","value":"San Buenaventura. Chih."},{"id":"SLP","value":"San Luis Potosi  Slp"},{"id":"CZO","value":"Suc. El Carrizo Hgo.  Dgo"},{"id":"TPZ","value":"Tepotzotlán  Mex"},{"id":"TRC","value":"Torreón  Coah"},{"id":"TCA","value":"Tres Castillos. Chih."},{"id":"UPN","value":"Uruapan  Mich"},{"id":"VOC","value":"Villa Ocampo. Dgo"},{"id":"YUR","value":"Yuriria  Gto"},{"id":"ZCL","value":"Zacatecas Central Autobus"}]