[{"id":"AGU","value":"Aguascalientes C. Autobus"},{"id":"AHT","value":"Ahuetita"},{"id":"CIJ","value":"Cañada De Islas  Jal"},{"id":"CBC","value":"Corral Blanco"},{"id":"BEJ","value":"Crucero Belén  Jal"},{"id":"CTP","value":"Crucero Tepatitlán  Jal"},{"id":"GDL","value":"Guadalajara  Jal"},{"id":"JAR","value":"Jaralillo  Jal"},{"id":"NOC","value":"Nochistlán  Zac"},{"id":"APU","value":"San Pedro Apulco  Zac"},{"id":"MXS","value":"Suc. Mexticacan  Jal"},{"id":"TEO","value":"Teocaltiche  Jal"},{"id":"YAH","value":"Yahualica  Jal"}]