[{"id":"AGU","value":"Aguascalientes C. Autobus"},
{"id":"ATA","value":"Atlacomulco  Mex"},
{"id":"CYA","value":"Celaya  Gto"},
{"id":"CLT","value":"Colotlán  Jal"},
{"id":"COO","value":"Concepción Del Oro   Zac"},
{"id":"FRE","value":"Fresnillo   Zac"},
{"id":"GDL","value":"Guadalajara  Jal"},
{"id":"HUE","value":"Huejucar  Jal"},
{"id":"JER","value":"Jerez  Zac"},
{"id":"MAM","value":"Matamoros. Tamps."},
{"id":"MEX","value":"Mexico Central Norte"},
{"id":"MTY","value":"Monterrey Central Autobus"},
{"id":"NLD","value":"Nuevo Laredo  Tamps"},
{"id":"QET","value":"Queretaro  Qro"},
{"id":"REX","value":"Reynosa. Tams."},
{"id":"RGR","value":"Rio Grande  Zac"},
{"id":"SLN","value":"Salinas  Slp"},
{"id":"SLW","value":"Saltillo Central Autobus"},
{"id":"SJL","value":"San Juan De Los Lagos jal"},
{"id":"SLP","value":"San Luis Potosi  Slp"},
{"id":"PAG","value":"Suc. Paseos Agu."},
{"id":"TPZ","value":"Tepotzotlán  Mex"},
{"id":"TLA","value":"Tlaltenango   Zac"},
{"id":"TLC","value":"Toluca  Mex"},
{"id":"ZCL","value":"Zacatecas Central Autobus"},
{"id":"GZA","value":"Zacatecas Trmnl Guadalupe"}]