[{"id":"CYA","value":"Celaya  Gto"},{"id":"ATG","value":"Ciudad Altamirano  Gro"},{"id":"CVM","value":"Ciudad Victoria  Tamps"},{"id":"GOP","value":"Gomez Palacio C. Autobus"},{"id":"GDL","value":"Guadalajara  Jal"},{"id":"AHG","value":"Hidalgo Reynosa  Tamps"},{"id":"IPO","value":"Irapuato  Gto"},{"id":"LPI","value":"La Piedad  Mich"},{"id":"MTY","value":"Monterrey Central Autobus"},{"id":"SCA","value":"Monterrey T. Sta Catarina"},{"id":"MLM","value":"Morelia  Mich"},{"id":"MRL","value":"Moroleon  Gto"},{"id":"QET","value":"Queretaro  Qro"},{"id":"REX","value":"Reynosa. Tams."},{"id":"RIB","value":"Rio Bravo  Tamps"},{"id":"SMX","value":"Salamanca  Gto"},{"id":"SLW","value":"Saltillo Central Autobus"},{"id":"SAV","value":"Salvatierra  Gto"},{"id":"SJL","value":"San Juan De Los Lagos jal"},{"id":"TNY","value":"Tepic Central Autobus Nay"},{"id":"CLO","value":"Tepic Terminal Colosio"},{"id":"TRC","value":"Torreón  Coah"},{"id":"UPN","value":"Uruapan  Mich"},{"id":"ZCL","value":"Zacatecas Central Autobus"},{"id":"ZAM","value":"Zamora  Mich"}]