[{"id":"AGU","value":"Aguascalientes C. Autobus"},{"id":"COO","value":"Concepción Del Oro   Zac"},{"id":"ENC","value":"Encarnación De Díaz  Jal"},{"id":"GDL","value":"Guadalajara  Jal"},{"id":"MAM","value":"Matamoros. Tamps."},{"id":"MEX","value":"Mexico Central Norte"},{"id":"MTY","value":"Monterrey Central Autobus"},{"id":"REX","value":"Reynosa. Tams."},{"id":"SLW","value":"Saltillo Central Autobus"},{"id":"SJL","value":"San Juan De Los Lagos jal"},{"id":"TPZ","value":"Tepotzotlán  Mex"},{"id":"ZCL","value":"Zacatecas Central Autobus"}]