[
  { "id": "AGU2", "value": "Aguascalientes Agr. Norte" },
  { "id": "AGU", "value": "Aguascalientes C. Autobus" },
  { "id": "ANM", "value": "Angamacutiro Mich." },
  { "id": "CAB", "value": "Caborca Sonora" },
  { "id": "CEN", "value": "Cd. Obregon Sonora" },
  { "id": "CYA", "value": "Celaya Gto." },
  { "id": "CUU", "value": "Chihuahua Central Autobus" },
  { "id": "PIM", "value": "Chihuahua Pistolasmeneses" },
  { "id": "DEL", "value": "Ciudad Delicias Chih" },
  { "id": "CJS", "value": "Ciudad Juarez Chih" },
  { "id": "CVM", "value": "Ciudad Victoria Tamps" },
  { "id": "CLO", "value": "Colosio Nayarit" },
  { "id": "CAC", "value": "Culiacan Sinaloa" },
  { "id": "FRE", "value": "Fresnillo Zac" },
  { "id": "GOP", "value": "Gomez Palacio C. Autobus" },
  { "id": "GD1", "value": "Guadalajara Modulo 1" },
  { "id": "GDL", "value": "Guadalajara Modulo 6" },
  { "id": "GCH", "value": "Guamuchil Sinaloa" },
  { "id": "GSV", "value": "Guasave Sinaloa" },
  { "id": "HMO", "value": "Hermosillo C. Autobuses" },
  { "id": "HET", "value": "Hermosillo Ter Son." },
  { "id": "IPO", "value": "Irapuato Gto" },
  { "id": "BJX", "value": "Leon Gto" },
  { "id": "LMM", "value": "Los Mochis Sinaloa" },
  { "id": "LRY", "value": "Los Reyes Mich" },
  { "id": "MAM", "value": "Matamoros. Tamps." },
  { "id": "MZT", "value": "Mazatlan Sinaloa" },
  { "id": "MXL", "value": "Mexicali B.c." },
  { "id": "MTY", "value": "Monterrey Central Autobus" },
  { "id": "NLD", "value": "Nuevo Laredo Tamps" },
  { "id": "PJM", "value": "Penjamo Gto." },
  { "id": "PUR", "value": "Puruandiro Michoacan" },
  { "id": "QET", "value": "Queretaro Qro." },
  { "id": "REX", "value": "Reynosa. Tams." },
  { "id": "UAC", "value": "S. L. Rio Colorado So" },
  { "id": "SMX", "value": "Salamanca Gto" },
  { "id": "SFG", "value": "San Felipe Gto Gto" },
  { "id": "SAP", "value": "Santa Ana Pacueco" },
  { "id": "SIL", "value": "Silao Gto" },
  { "id": "SON", "value": "Sonoyta Sonora" },
  { "id": "TNY", "value": "Tepic Central Autobus Nay" },
  { "id": "TIJ", "value": "Tijuana B.c." },
  { "id": "TRC", "value": "Torreón Coah" },
  { "id": "TLI", "value": "Tren Ligero Tlaquepaque" },
  { "id": "ZCL", "value": "Zacatecas Central Autobus" },
  { "id": "ZAM", "value": "Zamora Mich" },
  { "id": "ZPP", "value": "Zapopan Jalisco" }
]
