[
  { "id": "AGU", "value": "Aguascalientes C. Autobus" },
  { "id": "ATA", "value": "Atlacomulco Mex" },
  { "id": "CCA", "value": "Camargo Chih" },
  { "id": "CGT", "value": "Camargo Tamps." },
  { "id": "CYA", "value": "Celaya Gto" },
  { "id": "CUU", "value": "Chihuahua Central Autobus" },
  { "id": "PIM", "value": "Chihuahua Pistolasmeneses" },
  { "id": "ATG", "value": "Ciudad Altamirano Gro" },
  { "id": "DEL", "value": "Ciudad Delicias Chih" },
  { "id": "JIM", "value": "Ciudad Jimenez Chih" },
  { "id": "CJS", "value": "Ciudad Juarez Chih" },
  { "id": "MIE", "value": "Ciudad Mier Tamps." },
  { "id": "CVM", "value": "Ciudad Victoria Tamps" },
  { "id": "COL", "value": "Colima Col" },
  { "id": "COO", "value": "Concepción Del Oro Zac" },
  { "id": "CUT", "value": "Cutzamala Gro" },
  { "id": "DGO", "value": "Durango Central Autobus" },
  { "id": "FRE", "value": "Fresnillo Zac" },
  { "id": "GOP", "value": "Gomez Palacio C. Autobus" },
  { "id": "GD1", "value": "Guadalajara Modulo 1" },
  { "id": "GDL", "value": "Guadalajara Jal" },
  { "id": "AHG", "value": "Hidalgo Reynosa Tamps" },
  { "id": "IPO", "value": "Irapuato Gto" },
  { "id": "JU2", "value": "Juan Aldama 2 Zac" },
  { "id": "JUA", "value": "Juan Aldama Zac" },
  { "id": "LCM", "value": "La Copa Matamoros Tamps" },
  { "id": "LPI", "value": "La Piedad Mich" },
  { "id": "BJX", "value": "Leon Gto" },
  { "id": "ZLO", "value": "Manzanillo Col" },
  { "id": "MEX", "value": "Mexico Central Norte" },
  { "id": "MAL", "value": "Miguel Aleman. Tamps." },
  { "id": "MTY", "value": "Monterrey Central Autobus" },
  { "id": "SCA", "value": "Monterrey T. Sta Catarina" },
  { "id": "MTF", "value": "Monterrey Terminal Fierro" },
  { "id": "MTY", "value": "Monterrey. Nl." },
  { "id": "MLM", "value": "Morelia Mich" },
  { "id": "MRL", "value": "Moroleon Gto" },
  { "id": "NLD", "value": "Nuevo Laredo Tamps." },
  { "id": "PJM", "value": "Penjamo Gto." },
  { "id": "QET", "value": "Queretaro Qro" },
  { "id": "REX", "value": "Reynosa. Tams." },
  { "id": "RIB", "value": "Rio Bravo. Tams." },
  { "id": "RGR", "value": "Rio Grande Zac" },
  { "id": "SMX", "value": "Salamanca Gto" },
  { "id": "SWN", "value": "Saltillo Norte" },
  { "id": "SLW", "value": "Saltillo Central Autobus" },
  { "id": "SJL", "value": "San Juan De Los Lagos jal" },
  { "id": "PAG", "value": "Suc. Paseos Agu" },
  { "id": "MTF", "value": "Sucursal Fierro (mty)" },
  { "id": "TEJ", "value": "Tejupilco Mex" },
  { "id": "TNY", "value": "Tepic Central Autobus Nay" },
  { "id": "CLO", "value": "Tepic Terminal Colosio" },
  { "id": "TPZ", "value": "Tepotzotlán Mex" },
  { "id": "HAM", "value": "Terminal Hamburgo Dgo" },
  { "id": "TLC", "value": "Toluca Mex" },
  { "id": "TRC", "value": "Torreón Coah" },
  { "id": "TLI", "value": "Tren Ligero Jal" },
  { "id": "UPN", "value": "Uruapan Mich" },
  { "id": "ZCL", "value": "Zacatecas Central Autobus" },
  { "id": "ZAM", "value": "Zamora Mich" },
  { "id": "ZPP", "value": "Zapopan Jal" }
]
