[
  { "id": "NLU", "value": "Aeropuerto Felipe Angeles" },
  { "id": "APS", "value": "Agua Prieta Son" },
  { "id": "AGU2", "value": "Aguascalientes Agr. Norte" },
  { "id": "AGU", "value": "Aguascalientes C. Autobus" },
  { "id": "ATA", "value": "Atlacomulco Edo. Mex" },
  { "id": "CAB", "value": "Caborca Sonora" },
  { "id": "CCA", "value": "Camargo Chih" },
  { "id": "CNE", "value": "Cananea Son" },
  { "id": "CAS", "value": "Casas Grandes Chih" },
  { "id": "CEN", "value": "Cd. Obregon Sonora" },
  { "id": "CUU", "value": "Chihuahua Central Autobus" },
  { "id": "PIM", "value": "Chihuahua Pistolasmeneses" },
  { "id": "DEL", "value": "Ciudad Delicias Chih" },
  { "id": "CGZ", "value": "Ciudad Guzman Jal" },
  { "id": "JIM", "value": "Ciudad Jimenez Chih" },
  { "id": "CJS", "value": "Ciudad Juarez Chih" },
  { "id": "CDM", "value": "Ciudad Mante Tamps" },
  { "id": "CEM", "value": "Ciudad Valles Slp" },
  { "id": "CVM", "value": "Ciudad Victoria Tamps" },
  { "id": "COL", "value": "Colima Col" },
  { "id": "CLO", "value": "Colosio Nayarit" },
  { "id": "CLT", "value": "Colotlán Jal" },
  { "id": "CMC", "value": "Comoca Slp" },
  { "id": "CAC", "value": "Culiacan Sin." },
  { "id": "DGO", "value": "Durango Central Autobus" },
  { "id": "EML", "value": "Empalme Sonora" },
  { "id": "FRE", "value": "Fresnillo Zac" },
  { "id": "GOP", "value": "Gomez Palacio C. Autobus" },
  { "id": "GD1", "value": "Guadalajara Modulo 1" },
  { "id": "GDL", "value": "Guadalajara Modulo 6" },
  { "id": "GCH", "value": "Guamuchil Sinaloa" },
  { "id": "GSV", "value": "Guasave Sinaloa" },
  { "id": "GYM", "value": "Guaymas Sonora" },
  { "id": "HA2", "value": "Hamburgo Las Palmas Dgo" },
  { "id": "HMO", "value": "Hermosillo C. Autobuses" },
  { "id": "HET", "value": "Hermosillo Ter Son." },
  { "id": "HUE", "value": "Huejucar Jal" },
  { "id": "IMU", "value": "Imuris Son" },
  { "id": "JMY", "value": "Jamay Jal." },
  { "id": "JAN", "value": "Janos Chih" },
  { "id": "JER", "value": "Jerez Zac" },
  { "id": "JU2", "value": "Juan Aldama 2 Zac" },
  { "id": "LBB", "value": "La Barca Jal" },
  { "id": "BJX", "value": "Leon Gto" },
  { "id": "LOR", "value": "Loreto Zac" },
  { "id": "LMM", "value": "Los Mochis Sin" },
  { "id": "MAM", "value": "Matamoros. Tamps." },
  { "id": "MLP", "value": "Matlapa Slp" },
  { "id": "MZT", "value": "Mazatlan Sin." },
  { "id": "MXL", "value": "Mexicali B.c." },
  { "id": "OBS", "value": "Mexico Observatorio" },
  { "id": "MTY", "value": "Monterrey Central Autobus" },
  { "id": "NAJ", "value": "Navojoa Centro" },
  { "id": "NAV", "value": "Navojoa Sonora" },
  { "id": "NOG", "value": "Nogales Son" },
  { "id": "NDI", "value": "Nombre De Dios Dgo" },
  { "id": "NLD", "value": "Nuevo Laredo Tamps" },
  { "id": "OCO", "value": "Ocotlan Jal" },
  { "id": "PCA", "value": "Pachuca Hgo" },
  { "id": "QET", "value": "Queretaro Qro" },
  { "id": "REX", "value": "Reynosa. Tams." },
  { "id": "RFM", "value": "Ricardo Flores Magon. Chi" },
  { "id": "RGR", "value": "Rio Grande Zac" },
  { "id": "UAC", "value": "S. L. Rio Colorado So" },
  { "id": "SAI", "value": "Sain Alto Zac" },
  { "id": "SLN", "value": "Salinas Slp" },
  { "id": "SWN", "value": "Saltillo Norte" },
  { "id": "SLW", "value": "Saltillo Central Autobus" },
  { "id": "SJL", "value": "San Juan De Los Lagos jal" },
  { "id": "SLP", "value": "San Luis Potosi Slp" },
  { "id": "ANA", "value": "Santa Ana Sonora" },
  { "id": "SOM", "value": "Sombrerete Zac" },
  { "id": "SON", "value": "Sonoyta Sonora" },
  { "id": "SAR", "value": "Suc. Soriana Altamira" },
  { "id": "TMZ", "value": "Tamazunchale Slp" },
  { "id": "TAH", "value": "Tamiahua Ver" },
  { "id": "TAM", "value": "Tampico Central Autobus" },
  { "id": "TMN", "value": "Tampico Norte Tamps" },
  { "id": "TLE", "value": "Tampico Terminal Ejercito" },
  { "id": "TAN", "value": "Tamuin Slp" },
  { "id": "TPT", "value": "Tepatitlan Jal" },
  { "id": "TNY", "value": "Tepic Central Autobus Nay" },
  { "id": "CLO", "value": "Tepic Terminal Colosio" },
  { "id": "TPZ", "value": "Tepotzotlan Edomex" },
  { "id": "HAM", "value": "Terminal Hamburgo Dgo" },
  { "id": "TIJ", "value": "Tijuana B.c." },
  { "id": "TLA", "value": "Tlaltenango Zac" },
  { "id": "TLC", "value": "Toluca Mex" },
  { "id": "TRC", "value": "Torreón Coah" },
  { "id": "TLI", "value": "Tren Ligero Jal" },
  { "id": "TCT", "value": "Tuxpan Term. Centro Ver" },
  { "id": "TXP", "value": "Tuxpan Veracruz" },
  { "id": "VGE", "value": "Vicente Guerrero Dgo" },
  { "id": "ZCL", "value": "Zacatecas Central Autobus" },
  { "id": "ZPP", "value": "Zapopan Jal" }
]
