[
  { "id": "APS", "value": "Agua Prieta Son" },
  { "id": "AGU2", "value": "Aguascalientes Agr. Norte" },
  { "id": "AGU", "value": "Aguascalientes C. Autobus" },
  { "id": "CAB", "value": "Caborca Sonora" },
  { "id": "CNE", "value": "Cananea Son" },
  { "id": "CAS", "value": "Casas Grandes Chih" },
  { "id": "CEN", "value": "Cd. Obregon Sonora" },
  { "id": "CYA", "value": "Celaya Gto" },
  { "id": "CUU", "value": "Chihuahua Central Autobus" },
  { "id": "PIM", "value": "Chihuahua Pistolasmeneses" },
  { "id": "CJS", "value": "Ciudad Juarez Chih" },
  { "id": "CEN", "value": "Ciudad Obregon Son." },
  { "id": "CEM", "value": "Ciudad Valles Slp" },
  { "id": "CVM", "value": "Ciudad Victoria Tamps" },
  { "id": "CAC", "value": "Culiacan Sin." },
  { "id": "DGO", "value": "Durango Central Autobus" },
  { "id": "EML", "value": "Empalme Sonora" },
  { "id": "FRE", "value": "Fresnillo Zac" },
  { "id": "GOP", "value": "Gomez Palacio C. Autobus" },
  { "id": "GD1", "value": "Guadalajara Modulo 1" },
  { "id": "GDL", "value": "Guadalajara Modulo 6" },
  { "id": "GCH", "value": "Guamuchil Sinaloa" },
  { "id": "GSV", "value": "Guasave Sinaloa" },
  { "id": "GYM", "value": "Guaymas Sonora" },
  { "id": "HA2", "value": "Hamburgo Las Palmas Dgo" },
  { "id": "HMO", "value": "Hermosillo C. Autobuses" },
  { "id": "HET", "value": "Hermosillo Ter Son." },
  { "id": "IMU", "value": "Imuris Son" },
  { "id": "IPO", "value": "Irapuato Gto" },
  { "id": "IXP", "value": "Ixtapa Zihuatanejo Gro" },
  { "id": "JAN", "value": "Janos Chih" },
  { "id": "JU2", "value": "Juan Aldama 2 Zac" },
  { "id": "LZC", "value": "Lazaro Cardenas Mich" },
  { "id": "BJX", "value": "Leon Gto" },
  { "id": "MRM", "value": "Los Mochis Suc Morelos S" },
  { "id": "LMM", "value": "Los Mochis Sin" },
  { "id": "MAM", "value": "Matamoros. Tamps." },
  { "id": "MZT", "value": "Mazatlan Sin." },
  { "id": "MXL", "value": "Mexicali B.c." },
  { "id": "MTY", "value": "Monterrey Central Autobus" },
  { "id": "MRL", "value": "Moroleon Gto" },
  { "id": "NAJ", "value": "Navojoa Centro" },
  { "id": "NAV", "value": "Navojoa Sonora" },
  { "id": "NOG", "value": "Nogales Son" },
  { "id": "NLD", "value": "Nuevo Laredo Tamps" },
  { "id": "PTC", "value": "Patzcuaro Mich" },
  { "id": "QET", "value": "Queretaro Qro" },
  { "id": "REX", "value": "Reynosa. Tams." },
  { "id": "RFM", "value": "Ricardo Flores Magon. Chi" },
  { "id": "RGR", "value": "Rio Grande Zac" },
  { "id": "UAC", "value": "S. L. Rio Colorado So" },
  { "id": "SMX", "value": "Salamanca Gto" },
  { "id": "SLW", "value": "Saltillo Central Autobus" },
  { "id": "SAV", "value": "Salvatierra Gto" },
  { "id": "SLP", "value": "San Luis Potosi Slp" },
  { "id": "UAC", "value": "San Luis Rio Colorado so" },
  { "id": "SIL", "value": "Silao Gto" },
  { "id": "SON", "value": "Sonoyta Sonora" },
  { "id": "TAM", "value": "Tampico Central Autobus" },
  { "id": "TNY", "value": "Tepic Central Autobus Nay" },
  { "id": "HAM", "value": "Terminal Hamburgo Dgo" },
  { "id": "HET", "value": "Terminal Hermosillo Son" },
  { "id": "TIJ", "value": "Tijuana B.c." },
  { "id": "TRC", "value": "Torreón Coah" },
  { "id": "UPN", "value": "Uruapan Mich" },
  { "id": "YUR", "value": "Yuriria Gto" },
  { "id": "ZCL", "value": "Zacatecas Central Autobus" },
  { "id": "ZAM", "value": "Zamora Michoacan" },
  { "id": "ZPP", "value": "Zapopan Jal" },
  { "id": "ZIH", "value": "Zihuatanejo Gro" }
]
