[{"id":"CGT","value":"Camargo  Tamps."},
{"id":"CHIN","value":"China  N.l."},
{"id":"MIE","value":"Ciudad Mier  Tamps."},
{"id":"COL","value":"Colima  Col"},
{"id":"GBRA","value":"General Bravo  N.l."},
{"id":"GDL","value":"Guadalajara  Jal"},
{"id":"ZLO","value":"Manzanillo  Col"},
{"id":"MAM","value":"Matamoros. Tamps."},
{"id":"MHN","value":"Matehuala  Slp"},
{"id":"MAL","value":"Miguel Aleman. Tamps."},
{"id":"REX","value":"Reynosa. Tams."},
{"id":"RIB","value":"Rio Bravo. Tams."},
{"id":"TNY","value":"Tepic Central Autobus Nay"},
{"id":"CLO","value":"Tepic Terminal Colosio"},
{"id":"VHT","value":"Valle Hermoso Tamps"},
{"id":"VENC","value":"Venecia  Tamps."},
{"id":"VREA","value":"Villarreales"}]