[
  { "id": "ACR", "value": "Acambaro Gto" },
  { "id": "ACT", "value": "Actopan Hgo" },
  { "id": "AMON", "value": "Aeropuerto Terminal C" },
  { "id": "AGU", "value": "Aguascalientes C. Autobus" },
  { "id": "ATA", "value": "Atlacomulco Mex" },
  { "id": "CCA", "value": "Camargo Chih" },
  { "id": "CGT", "value": "Camargo Tamps." },
  { "id": "CYA", "value": "Celaya Gto" },
  { "id": "CUU", "value": "Chihuahua Central Autobus" },
  { "id": "PIM", "value": "Chihuahua Pistolasmeneses" },
  { "id": "CHIN", "value": "China N.l." },
  { "id": "ATG", "value": "Ciudad Altamirano Gro" },
  { "id": "DEL", "value": "Ciudad Delicias Chih" },
  { "id": "HID", "value": "Ciudad Hidalgo Mich" },
  { "id": "JIM", "value": "Ciudad Jimenez Chih" },
  { "id": "CJS", "value": "Ciudad Juarez Chih" },
  { "id": "MIE", "value": "Ciudad Mier Tamps." },
  { "id": "COL", "value": "Colima Col" },
  { "id": "COO", "value": "Concepción Del Oro Zac" },
  { "id": "CUT", "value": "Cutzamala Gro" },
  { "id": "DHI", "value": "Dolores Hidalgo Gto" },
  { "id": "DGO", "value": "Durango Central Autobus" },
  { "id": "FRE", "value": "Fresnillo Zac" },
  { "id": "GBRA", "value": "General Bravo N.l." },
  { "id": "GOP", "value": "Gomez Palacio C. Autobus" },
  { "id": "GDL", "value": "Guadalajara Jal" },
  { "id": "GTO", "value": "Guanajuato Gto" },
  { "id": "IPO", "value": "Irapuato Gto" },
  { "id": "IXP", "value": "Ixtapa Zihuatanejo Gro" },
  { "id": "JU2", "value": "Juan Aldama 2 Zac" },
  { "id": "JUA", "value": "Juan Aldama Zac" },
  { "id": "LPI", "value": "La Piedad Mich" },
  { "id": "LGS", "value": "Lagos De Moreno Jal" },
  { "id": "LZC", "value": "Lazaro Cardenas Mich" },
  { "id": "BJX", "value": "Leon Gto" },
  { "id": "LNA", "value": "Linares Nl." },
  { "id": "LRY", "value": "Los Reyes Mich" },
  { "id": "ZLO", "value": "Manzanillo Col" },
  { "id": "MVT", "value": "Maravatio Mich" },
  { "id": "MAM", "value": "Matamoros. Tamps." },
  { "id": "MHN", "value": "Matehuala Noreste" },
  { "id": "MZT", "value": "Mazatlan Sin." },
  { "id": "MEX", "value": "Mexico Central Norte" },
  { "id": "MAL", "value": "Miguel Aleman. Tamps." },
  { "id": "SCA", "value": "Monterrey T. Sta Catarina" },
  { "id": "SUD", "value": "Monterrey Terminal Univ." },
  { "id": "MTF", "value": "Monterrey Terminal Fierro" },
  { "id": "MLM", "value": "Morelia Mich" },
  { "id": "MRL", "value": "Moroleon Gto" },
  { "id": "LOV", "value": "Monclova  Coah." },
  { "id": "MNR", "value": "Montemorelos Nl." },
  { "id": "NLD", "value": "Nuevo Laredo Tamps" },
  { "id": "PCA", "value": "Pachuca Hgo" },
  { "id": "PAR", "value": "Parral. Chih." },
  { "id": "PTC", "value": "Patzcuaro Mich" },
  { "id": "PAZ", "value": "Poza Rica Ver" },
  { "id": "QET", "value": "Queretaro Qro" },
  { "id": "REX", "value": "Reynosa. Tams." },
  { "id": "RIB", "value": "Rio Bravo. Tams." },
  { "id": "RGR", "value": "Rio Grande Zac" },
  { "id": "SAI", "value": "Sain Alto Zac" },
  { "id": "SMX", "value": "Salamanca Gto" },
  { "id": "SWN", "value": "Saltillo Norte" },
  { "id": "SLW", "value": "Saltillo Central Autobus" },
  { "id": "SIO", "value": "Saltillo Suc. El Indio" },
  { "id": "SAV", "value": "Salvatierra Gto" },
  { "id": "SFG", "value": "San Felipe Gto Gto" },
  { "id": "SJL", "value": "San Juan De Los Lagos jal" },
  { "id": "SPA", "value": "San Luis De La Paz Gto" },
  { "id": "SLP", "value": "San Luis Potosi Slp" },
  { "id": "SMA", "value": "San Miguel Allende Gto" },
  { "id": "SIL", "value": "Silao Gto" },
  { "id": "SOM", "value": "Sombrerete Zac" },
  { "id": "MTF", "value": "Sucursal Fierro (mty)" },
  { "id": "SCA", "value": "Sucursal Santa Catarina" },
  { "id": "PAG", "value": "Suc. Paseos Agu." },
  { "id": "TAM", "value": "Tampico Central Autobus" },
  { "id": "TEJ", "value": "Tejupilco Mex" },
  { "id": "TNY", "value": "Tepic Central Autobus Nay" },
  { "id": "CLO", "value": "Tepic Terminal Colosio" },
  { "id": "TPZ", "value": "Tepotzotlán Mex" },
  { "id": "HAM", "value": "Terminal Hamburgo Gomez Palacio" },
  { "id": "TLC", "value": "Toluca Mex" },
  { "id": "TRC", "value": "Torreón Coah" },
  { "id": "TLI", "value": "Tren Ligero Jal" },
  { "id": "THG", "value": "Tula Hgo" },
  { "id": "TCT", "value": "Tuxpan Term. Centro Ver" },
  { "id": "TXP", "value": "Tuxpan Veracruz" },
  { "id": "UPN", "value": "Uruapan Mich" },
  { "id": "VHT", "value": "Valle Hermoso Tamps" },
  { "id": "VENC", "value": "Venecia Tamps." },
  { "id": "VAH", "value": "Villa Ahumada Chih" },
  { "id": "VREA", "value": "Villarreales" },
  { "id": "ZCL", "value": "Zacatecas Central Autobus" },
  { "id": "GZA", "value": "Zacatecas Trmnl Guadalupe" },
  { "id": "ZAM", "value": "Zamora Mich" },
  { "id": "ZPP", "value": "Zapopan Jal" },
  { "id": "ZIH", "value": "Zihuatanejo Gro" },
  { "id": "ZTC", "value": "Zitacuaro Mich" }
]
