[{"id":"ACR","value":"Acambaro  Gto"},{"id":"ACT","value":"Actopan  Hgo"},{"id":"AEA","value":"Aeropuerto Terminal A b"},{"id":"AMON","value":"Aeropuerto Terminal C"},{"id":"AGU","value":"Aguascalientes C. Autobus"},{"id":"ATA","value":"Atlacomulco  Mex"},{"id":"SCD","value":"Cadereyta Jimenez  N.l."},{"id":"CCA","value":"Camargo  Chih"},{"id":"CGT","value":"Camargo  Tamps."},{"id":"CYA","value":"Celaya  Gto"},{"id":"CUU","value":"Chihuahua Central Autobus"},{"id":"PIM","value":"Chihuahua Pistolasmeneses"},{"id":"CHIN","value":"China  N.l."},{"id":"ATG","value":"Ciudad Altamirano  Gro"},{"id":"DEL","value":"Ciudad Delicias  Chih"},{"id":"HID","value":"Ciudad Hidalgo  Mich"},{"id":"JIM","value":"Ciudad Jimenez  Chih"},{"id":"CJS","value":"Ciudad Juarez  Chih"},{"id":"MIE","value":"Ciudad Mier  Tamps."},{"id":"COL","value":"Colima  Col"},{"id":"COO","value":"Concepción Del Oro   Zac"},{"id":"CUT","value":"Cutzamala  Gro"},{"id":"DHI","value":"Dolores Hidalgo  Gto"},{"id":"DGO","value":"Durango Central Autobus"},{"id":"FRE","value":"Fresnillo   Zac"},{"id":"GBRA","value":"General Bravo  N.l."},{"id":"GOP","value":"Gomez Palacio C. Autobus"},{"id":"HAM","value":"Gomez Palacio T. Hamburgo"},{"id":"GDL","value":"Guadalajara  Jal"},{"id":"GTO","value":"Guanajuato  Gto"},{"id":"IPO","value":"Irapuato  Gto"},{"id":"IXP","value":"Ixtapa Zihuatanejo  Gro"},{"id":"JU2","value":"Juan Aldama 2  Zac"},{"id":"JUA","value":"Juan Aldama  Zac"},{"id":"LPI","value":"La Piedad  Mich"},{"id":"LZC","value":"Lazaro Cardenas  Mich"},{"id":"BJX","value":"Leon  Gto"},{"id":"LRY","value":"Los Reyes  Mich"},{"id":"ZLO","value":"Manzanillo  Col"},{"id":"MVT","value":"Maravatio  Mich"},{"id":"MAM","value":"Matamoros. Tamps."},{"id":"MHN","value":"Matehuala Noreste"},{"id":"MZT","value":"Mazatlan  Sin."},{"id":"MEX","value":"Mexico Central Norte"},{"id":"MAL","value":"Miguel Aleman. Tamps."},{"id":"MLM","value":"Morelia  Mich"},{"id":"MRL","value":"Moroleon  Gto"},{"id":"NLD","value":"Nuevo Laredo  Tamps"},{"id":"PCA","value":"Pachuca  Hgo"},{"id":"PAR","value":"Parral.  Chih."},{"id":"PTC","value":"Patzcuaro  Mich"},{"id":"PAZ","value":"Poza Rica  Ver"},{"id":"QET","value":"Queretaro  Qro"},{"id":"REX","value":"Reynosa. Tams."},{"id":"RIB","value":"Rio Bravo. Tams."},{"id":"RGR","value":"Rio Grande  Zac"},{"id":"SAI","value":"Sain Alto  Zac"},{"id":"SMX","value":"Salamanca  Gto"},{"id":"SLW","value":"Saltillo Central Autobus"},{"id":"SAV","value":"Salvatierra  Gto"},{"id":"SFG","value":"San Felipe Gto  Gto"},{"id":"SJL","value":"San Juan De Los Lagos jal"},{"id":"SPA","value":"San Luis De La Paz  Gto"},{"id":"SLP","value":"San Luis Potosi  Slp"},{"id":"SMA","value":"San Miguel Allende  Gto"},{"id":"SOM","value":"Sombrerete  Zac"},{"id":"TAM","value":"Tampico Central Autobus"},{"id":"TMN","value":"Tampico Norte  Tamps"},{"id":"TEJ","value":"Tejupilco  Mex"},{"id":"TNY","value":"Tepic Central Autobus Nay"},{"id":"CLO","value":"Tepic Terminal Colosio"},{"id":"TPZ","value":"Tepotzotlán  Mex"},{"id":"TLC","value":"Toluca  Mex"},{"id":"TRC","value":"Torreón  Coah"},{"id":"THG","value":"Tula  Hgo"},{"id":"TXM","value":"Tuxpan Michoacán  Mich"},{"id":"TCT","value":"Tuxpan Term. Centro  Ver"},{"id":"TXP","value":"Tuxpan  Veracruz"},{"id":"UPN","value":"Uruapan  Mich"},{"id":"VHT","value":"Valle Hermoso Tamps"},{"id":"VENC","value":"Venecia  Tamps."},{"id":"VREA","value":"Villarreales"},{"id":"VIG","value":"Villas De Guadiana  Dgo"},{"id":"ZCL","value":"Zacatecas Central Autobus"},{"id":"ZAM","value":"Zamora  Mich"},{"id":"ZIH","value":"Zihuatanejo  Gro"},{"id":"ZTC","value":"Zitacuaro  Mich"}]