[
  { "id": "CAB", "value": "Caborca Sonora" },
  { "id": "CEN", "value": "Cd. Obregon Sonora" },
  { "id": "CLO", "value": "Colosio Nayarit" },
  { "id": "CAC", "value": "Culiacan Sin." },
  { "id": "EML", "value": "Empalme Sonora" },
  { "id": "GD1", "value": "Guadalajara Modulo 1" },
  { "id": "GDL", "value": "Guadalajara Modulo 6" },
  { "id": "GCH", "value": "Guamuchil Sinaloa" },
  { "id": "GSV", "value": "Guasave Sinaloa" },
  { "id": "GYM", "value": "Guaymas Sonora" },
  { "id": "HMO", "value": "Hermosillo C. Autobuses" },
  { "id": "HET", "value": "Hermosillo Ter Son." },
  { "id": "IMU", "value": "Imuris Son" },
  { "id": "LMM", "value": "Los Mochis Sin" },
  { "id": "MZT", "value": "Mazatlan Sin." },
  { "id": "MXL", "value": "Mexicali B.c." },
  { "id": "MEX", "value": "Mexico Cdmx" },
  { "id": "NAJ", "value": "Navojoa Centro" },
  { "id": "NOG", "value": "Nogales Son" },
  { "id": "UAC", "value": "S. L. Rio Colorado So" },
  { "id": "ANA", "value": "Santa Ana Sonora" },
  { "id": "SON", "value": "Sonoyta Sonora" },
  { "id": "TNY", "value": "Tepic Central Autobus Nay" },
  { "id": "CLO", "value": "Tepic Terminal Colosio" },
  { "id": "TPZ", "value": "Tepotzotlan Edomex" },
  { "id": "HET", "value": "Terminal Hermosillo Son" },
  { "id": "TIJ", "value": "Tijuana B.c." },
  { "id": "ZPP", "value": "Zapopan Jal" }
]
