[
  { "id": "ACR", "value": "Acambaro Gto" },
  { "id": "ACT", "value": "Actopan Hgo" },
  { "id": "AEA", "value": "Aeropuerto Mty. A N.l" },
  { "id": "AMON", "value": "Aeropuerto Terminal C" },
  { "id": "AGU", "value": "Aguascalientes C. Autobus" },
  { "id": "ATA", "value": "Atlacomulco Mex" },
  { "id": "CGT", "value": "Camargo Tamps." },
  { "id": "CYA", "value": "Celaya Gto" },
  { "id": "ATG", "value": "Ciudad Altamirano Gro" },
  { "id": "HID", "value": "Ciudad Hidalgo Mich" },
  { "id": "MIE", "value": "Ciudad Mier Tamps." },
  { "id": "COO", "value": "Concepción Del Oro Zac" },
  { "id": "CUT", "value": "Cutzamala Gro" },
  { "id": "DHI", "value": "Dolores Hidalgo Gto" },
  { "id": "DGO", "value": "Durango Central Autobus" },
  { "id": "GOP", "value": "Gomez Palacio C. Autobus" },
  { "id": "GD1", "value": "Guadalajara Modulo 1" },
  { "id": "GDL", "value": "Guadalajara Jal" },
  { "id": "GTO", "value": "Guanajuato Gto" },
  { "id": "IPO", "value": "Irapuato Gto" },
  { "id": "LPI", "value": "La Piedad Mich" },
  { "id": "BJX", "value": "Leon Gto" },
  { "id": "LRY", "value": "Los Reyes Mich" },
  { "id": "MVT", "value": "Maravatio Mich" },
  { "id": "MAM", "value": "Matamoros. Tamps." },
  { "id": "MHN", "value": "Matehuala Slp" },
  { "id": "MEX", "value": "Mexico Central Norte" },
  { "id": "MAL", "value": "Miguel Aleman. Tamps." },
  { "id": "MTY", "value": "Monterrey Central Autobus" },
  { "id": "SCA", "value": "Monterrey T. Sta Catarina" },
  { "id": "MLM", "value": "Morelia Mich" },
  { "id": "MRL", "value": "Moroleon Gto" },
  { "id": "PCA", "value": "Pachuca Hgo" },
  { "id": "PJM", "value": "Penjamo Gto." },
  { "id": "QET", "value": "Queretaro Qro" },
  { "id": "REX", "value": "Reynosa. Tams." },
  { "id": "SMX", "value": "Salamanca Gto" },
  { "id": "SWN", "value": "Saltillo Norte" },
  { "id": "SLW", "value": "Saltillo Central Autobus" },
  { "id": "SAV", "value": "Salvatierra Gto" },
  { "id": "SFG", "value": "San Felipe Gto Gto" },
  { "id": "SJL", "value": "San Juan De Los Lagos jal" },
  { "id": "SJQ", "value": "San Juan Del Rio qro" },
  { "id": "SPA", "value": "San Luis De La Paz Gto" },
  { "id": "SLP", "value": "San Luis Potosi Slp" },
  { "id": "SMA", "value": "San Miguel Allende Gto" },
  { "id": "SIL", "value": "Silao Gto" },
  { "id": "PAG", "value": "Suc. Paseos Agu" },
  { "id": "TEJ", "value": "Tejupilco Mex" },
  { "id": "TNY", "value": "Tepic Central Autobus Nay" },
  { "id": "CLO", "value": "Tepic Terminal Colosio" },
  { "id": "TPZ", "value": "Tepotzotlán Mex" },
  { "id": "TLC", "value": "Toluca Mex" },
  { "id": "TRC", "value": "Torreón Coah" },
  { "id": "TLI", "value": "Tren Ligero Jal" },
  { "id": "THG", "value": "Tula Hgo" },
  { "id": "TXM", "value": "Tuxpan Michoacán Mich" },
  { "id": "UPN", "value": "Uruapan Mich" },
  { "id": "VENC", "value": "Venecia Tamps." },
  { "id": "VREA", "value": "Villarreales" },
  { "id": "ZCL", "value": "Zacatecas Central Autobus" },
  { "id": "GZA", "value": "Zacatecas Trmnl Guadalupe" },
  { "id": "ZAM", "value": "Zamora Mich" },
  { "id": "ZPP", "value": "Zapopan Jal" },
  { "id": "ZTC", "value": "Zitacuaro Mich" }
]
