[
  { "id": "APS", "value": "Agua Prieta Son" },
  { "id": "AGU", "value": "Aguascalientes C. Autobus" },
  { "id": "ASC", "value": "Ascención Chih" },
  { "id": "CCA", "value": "Camargo Chih" },
  { "id": "CNE", "value": "Cananea Son" },
  { "id": "CAS", "value": "Casas Grandes Chih" },
  { "id": "CEN", "value": "Cd. Obregon Sonora" },
  { "id": "CUU", "value": "Chihuahua Central Autobus" },
  { "id": "PIM", "value": "Chihuahua Pistolasmeneses" },
  { "id": "ZOO", "value": "Chihuahua Zootecnia" },
  { "id": "DEL", "value": "Ciudad Delicias Chih" },
  { "id": "JIM", "value": "Ciudad Jimenez Chih" },
  { "id": "CJS", "value": "Ciudad Juarez Chih" },
  { "id": "CEN", "value": "Ciudad Obregon Son." },
  { "id": "CLO", "value": "Colosio Nayarit" },
  { "id": "CPA", "value": "Crucero Palomas Chih" },
  { "id": "CAC", "value": "Culiacan Sin." },
  { "id": "DGO", "value": "Durango Central Autobus" },
  { "id": "ROD", "value": "El Rodeo Dgo" },
  { "id": "EML", "value": "Empalme Sonora" },
  { "id": "FRE", "value": "Fresnillo Zac" },
  { "id": "GOP", "value": "Gomez Palacio C. Autobus" },
  { "id": "SLU", "value": "Granjas Sta. Lucia Dgo" },
  { "id": "GD1", "value": "Guadalajara Modulo 1" },
  { "id": "GDL", "value": "Guadalajara Modulo 6" },
  { "id": "GCH", "value": "Guamuchil Sinaloa" },
  { "id": "GSV", "value": "Guasave Sinaloa" },
  { "id": "GYM", "value": "Guaymas Sonora" },
  { "id": "HA2", "value": "Hamburgo Las Palmas Dgo" },
  { "id": "HMO", "value": "Hermosillo C. Autobuses" },
  { "id": "HET", "value": "Hermosillo Ter Son." },
  { "id": "IMU", "value": "Imuris Son" },
  { "id": "IPO", "value": "Irapuato Gto" },
  { "id": "JAN", "value": "Janos Chih" },
  { "id": "JUA", "value": "Juan Aldama Zac" },
  { "id": "LZA", "value": "La Zarca Dgo" },
  { "id": "LNI", "value": "Las Nieve Dgo" },
  { "id": "BJX", "value": "Leon Gto" },
  { "id": "LMM", "value": "Los Mochis Sin" },
  { "id": "MZT", "value": "Mazatlan Sin." },
  { "id": "MXL", "value": "Mexicali B.c." },
  { "id": "MEX", "value": "Mexico Central Norte" },
  { "id": "MLM", "value": "Morelia Mich" },
  { "id": "MRL", "value": "Moroleon Gto" },
  { "id": "NAJ", "value": "Navojoa Centro" },
  { "id": "NAV", "value": "Navojoa Sonora" },
  { "id": "PAR", "value": "Parral. Chih." },
  { "id": "QET", "value": "Queretaro Qro" },
  { "id": "RFM", "value": "Ricardo Flores Magon. Chi" },
  { "id": "RGR", "value": "Rio Grande Zac" },
  { "id": "UAC", "value": "S. L. Rio Colorado So" },
  { "id": "SMX", "value": "Salamanca Gto" },
  { "id": "SLN", "value": "Salinas Slp" },
  { "id": "SLP", "value": "San Luis Potosi Slp" },
  { "id": "ANA", "value": "Santa Ana Sonora" },
  { "id": "SON", "value": "Sonoyta Sonora" },
  { "id": "CZO", "value": "Suc. El Carrizo Hgo. Dgo" },
  { "id": "TNY", "value": "Tepic Central Autobus Nay" },
  { "id": "CLO", "value": "Tepic Terminal Colosio" },
  { "id": "TPZ", "value": "Tepotzotlan Edomex" },
  { "id": "HAM", "value": "Terminal Hamburgo Dgo" },
  { "id": "HET", "value": "Terminal Hermosillo Son" },
  { "id": "TIJ", "value": "Tijuana B.c." },
  { "id": "TRC", "value": "Torreón Coah" },
  { "id": "UPN", "value": "Uruapan Mich" },
  { "id": "VOC", "value": "Villa Ocampo. Dgo" },
  { "id": "ZCL", "value": "Zacatecas Central Autobus" },
  { "id": "GZA", "value": "Zacatecas Trmnl Guadalupe" },
  { "id": "ZPP", "value": "Zapopan Jal" }
]
