[{"id":"AGU","value":"Aguascalientes C. Autobus"},{"id":"CCA","value":"Camargo  Chih"},{"id":"CUU","value":"Chihuahua Central Autobus"},{"id":"PIM","value":"Chihuahua Pistolasmeneses"},{"id":"ZOO","value":"Chihuahua Zootecnia"},{"id":"DEL","value":"Ciudad Delicias  Chih"},{"id":"JIM","value":"Ciudad Jimenez  Chih"},{"id":"CJS","value":"Ciudad Juarez  Chih"},{"id":"FRE","value":"Fresnillo   Zac"},{"id":"GOP","value":"Gomez Palacio C. Autobus"},{"id":"GTO","value":"Guanajuato  Gto"},{"id":"LGS","value":"Lagos De Moreno  Jal"},{"id":"BJX","value":"Leon  Gto"},{"id":"SLW","value":"Saltillo Central Autobus"},{"id":"SIL","value":"Silao  Gto"},{"id":"PCC","value":"Sucursal Centro Chihuahua"},{"id":"TRC","value":"Torreón  Coah"},{"id":"ZCL","value":"Zacatecas Central Autobus"}]