[{"id":"APS","value":"Agua Prieta  Son"},{"id":"AGU","value":"Aguascalientes C. Autobus"},{"id":"CCA","value":"Camargo  Chih"},{"id":"CNE","value":"Cananea  Son"},{"id":"CAS","value":"Casas Grandes  Chih"},{"id":"CUU","value":"Chihuahua Central Autobus"},{"id":"PIM","value":"Chihuahua Pistolasmeneses"},{"id":"ZOO","value":"Chihuahua Zootecnia"},{"id":"DEL","value":"Ciudad Delicias  Chih"},{"id":"JIM","value":"Ciudad Jimenez  Chih"},{"id":"CJS","value":"Ciudad Juarez  Chih"},{"id":"CUI","value":"Cuitaca  Son"},{"id":"DGO","value":"Durango Central Autobus"},{"id":"ERE","value":"Ejido Revolución  Dgo"},{"id":"ROD","value":"El Rodeo  Dgo"},{"id":"FRE","value":"Fresnillo   Zac"},{"id":"GOP","value":"Gomez Palacio C. Autobus"},{"id":"SLU","value":"Granjas Sta. Lucia  Dgo"},{"id":"GTO","value":"Guanajuato  Gto"},{"id":"IMU","value":"Imuris  Son"},{"id":"JAN","value":"Janos  Chih"},{"id":"LZA","value":"La Zarca  Dgo"},{"id":"LGS","value":"Lagos De Moreno  Jal"},{"id":"LNI","value":"Las Nieve  Dgo"},{"id":"BJX","value":"Leon  Gto"},{"id":"MEX","value":"Mexico Central Norte"},{"id":"MTY","value":"Monterrey Central Autobus"},{"id":"NOG","value":"Nogales  Son"},{"id":"QET","value":"Queretaro  Qro"},{"id":"RFM","value":"Ricardo Flores Magon. Chi"},{"id":"SLW","value":"Saltillo Central Autobus"},{"id":"SLP","value":"San Luis Potosi  Slp"},{"id":"STD","value":"Santa Maria Del Oro  Dgo"},{"id":"SAU","value":"Saucillo  Chih"},{"id":"SIL","value":"Silao  Gto"},{"id":"CZO","value":"Suc. El Carrizo Hgo.  Dgo"},{"id":"PCC","value":"Sucursal Centro Chihuahua"},{"id":"TPZ","value":"Tepotzotlán  Mex"},{"id":"TRC","value":"Torreón  Coah"},{"id":"VAH","value":"Villa Ahumada  Chih"},{"id":"VOC","value":"Villa Ocampo. Dgo"},{"id":"ZCL","value":"Zacatecas Central Autobus"}]