[{"id":"ACT","value":"Actopan Hgo"},
{"id":"NLU","value":"Aeropuerto Felipe Angeles"},
{"id":"ATA","value":"Atlacomulco Mex"},
{"id":"CEM","value":"Ciudad Valles Slp"},
{"id":"CMC","value":"Comoca Slp"},
{"id":"GDL","value":"Guadalajara Jal"},
{"id":"HUA","value":"Huauchinango Pue"},
{"id":"MLP","value":"Matlapa Slp"},
{"id":"MEX","value":"Mexico Central Norte"},
{"id":"MTY","value":"Monterrey Central Autobus"},
{"id":"NLD","value":"Nuevo Laredo Tamps"},
{"id":"PAZ","value":"Poza Rica Ver"},
{"id":"QET","value":"Queretaro Qro"},
{"id":"TMZ","value":"Tamazunchale Slp"},
{"id":"TAM","value":"Tampico Central Autobus"},
{"id":"TLE","value":"Tampico Terminal Ejercito"},
{"id":"TLC","value":"Toluca Mex"},
{"id":"THG","value":"Tula Hgo"},
{"id":"TCT","value":"Tuxpan Term. Centro Ver"},
{"id":"TXP","value":"Tuxpan Veracruz"}]