[
  { "id": "CAB", "value": "Caborca Sonora" },
  { "id": "CEN", "value": "Cd. Obregon Sonora" },
  { "id": "CUU", "value": "Chihuahua Central Autobus" },
  { "id": "PIM", "value": "Chihuahua Pistolasmeneses" },
  { "id": "DEL", "value": "Ciudad Delicias Chih" },
  { "id": "CJS", "value": "Ciudad Juarez Chih" },
  { "id": "CVM", "value": "Ciudad Victoria Tamps" },
  { "id": "CAC", "value": "Culiacan Sinaloa" },
  { "id": "FRE", "value": "Fresnillo Zac" },
  { "id": "GOP", "value": "Gomez Palacio C. Autobus" },
  { "id": "GD1", "value": "Guadalajara Modulo 1" },
  { "id": "GDL", "value": "Guadalajara Modulo 6" },
  { "id": "HMO", "value": "Hermosillo C. Autobuses" },
  { "id": "HET", "value": "Hermosillo Ter Son." },
  { "id": "IPO", "value": "Irapuato Gto" },
  { "id": "LMM", "value": "Los Mochis Sinaloa" },
  { "id": "MAM", "value": "Matamoros. Tamps." },
  { "id": "MZT", "value": "Mazatlan Sinaloa" },
  { "id": "MXL", "value": "Mexicali B.c." },
  { "id": "MTY", "value": "Monterrey Central Autobus" },
  { "id": "NLD", "value": "Nuevo Laredo Tamps" },
  { "id": "REX", "value": "Reynosa. Tams." },
  { "id": "UAC", "value": "S. L. Rio Colorado So" },
  { "id": "SON", "value": "Sonoyta Sonora" },
  { "id": "TIJ", "value": "Tijuana B.c." },
  { "id": "TRC", "value": "Torreón Coah" },
  { "id": "ZCL", "value": "Zacatecas Central Autobus" },
  { "id": "ZPP", "value": "Zapopan Jalisco" }
]
