[{"id":"CUU","value":"Chihuahua Central Autobus"},{"id":"PIM","value":"Chihuahua Pistolasmeneses"},{"id":"CJS","value":"Ciudad Juarez  Chih"},{"id":"GOP","value":"Gomez Palacio C. Autobus"},{"id":"MAM","value":"Matamoros. Tamps."},{"id":"MTY","value":"Monterrey Central Autobus"},{"id":"NLD","value":"Nuevo Laredo  Tamps"},{"id":"REX","value":"Reynosa. Tams."},{"id":"SLW","value":"Saltillo Central Autobus"},{"id":"SIO","value":"Saltillo Suc. El Indio"},{"id":"ZCL","value":"Zacatecas Central Autobus"}]