[
    {
        "id": "APS",
        "value": "Agua Prieta  Son"
    },
    {
        "id": "CCA",
        "value": "Camargo  Chih"
    },
    {
        "id": "CNE",
        "value": "Cananea  Son"
    },
    {
        "id": "CAS",
        "value": "Casas Grandes  Chih"
    },
    {
        "id": "CUU",
        "value": "Chihuahua Central Autobus"
    },
    {
        "id": "PIM",
        "value": "Chihuahua Pistolasmeneses"
    },
    {
        "id": "ATG",
        "value": "Ciudad Altamirano  Gro"
    },
    {
        "id": "DEL",
        "value": "Ciudad Delicias  Chih"
    },
    {
        "id": "JIM",
        "value": "Ciudad Jimenez  Chih"
    },
    {
        "id": "CJS",
        "value": "Ciudad Juarez  Chih"
    },
    {
        "id": "CEM",
        "value": "Ciudad Valles  Slp"
    },
    {
        "id": "CVM",
        "value": "Ciudad Victoria  Tamps"
    },
    {
        "id": "CUT",
        "value": "Cutzamala  Gro"
    },
    {
        "id": "DGO",
        "value": "Durango Central Autobus"
    },
    {
        "id": "FRE",
        "value": "Fresnillo   Zac"
    },
    {
        "id": "GOP",
        "value": "Gomez Palacio C. Autobus"
    },{"id":"HAM","value":"Terminal Hamburgo Gomez Palacio"},
    {
        "id": "GDL",
        "value": "Guadalajara  Jal"
    },{"id":"HA2","value":"Hamburgo Plaza Palmas Gomez Palacio"},
    {
        "id": "HUA",
        "value": "Huauchinango  Pue"
    },
    {
        "id": "IMU",
        "value": "Imuris  Son"
    },
    {
        "id": "IXP",
        "value": "Ixtapa Zihuatanejo  Gro"
    },
    {
        "id": "JAN",
        "value": "Janos  Chih"
    },
    {
        "id": "JU2",
        "value": "Juan Aldama 2  Zac"
    },
    {
        "id": "LPI",
        "value": "La Piedad  Mich"
    },
    {
        "id": "LZC",
        "value": "Lazaro Cardenas  Mich"
    },
    {
        "id": "MAM",
        "value": "Matamoros. Tamps."
    },
    {
        "id": "MTY",
        "value": "Monterrey Central Autobus"
    },
    {
        "id": "MLM",
        "value": "Morelia  Mich"
    },
    {
        "id": "MRL",
        "value": "Moroleon  Gto"
    },
    {
        "id": "NOG",
        "value": "Nogales  Son"
    },
    {
        "id": "NDI",
        "value": "Nombre De Dios  Dgo"
    },
    {
        "id": "NLD",
        "value": "Nuevo Laredo  Tamps"
    },
    {
        "id": "PCA",
        "value": "Pachuca  Hgo"
    },
    {
        "id": "PAZ",
        "value": "Poza Rica  Ver"
    },
    {
        "id": "REX",
        "value": "Reynosa. Tams."
    },
    {
        "id": "RFM",
        "value": "Ricardo Flores Magon. Chi"
    },
    {
        "id": "RGR",
        "value": "Rio Grande  Zac"
    },
    {
        "id": "SLN",
        "value": "Salinas  Slp"
    },
    {
        "id": "SLW",
        "value": "Saltillo Central Autobus"
    },
    {
        "id": "SAV",
        "value": "Salvatierra  Gto"
    },
    {
        "id": "SLP",
        "value": "San Luis Potosi  Slp"
    },
    {
        "id": "SOM",
        "value": "Sombrerete  Zac"
    },
    {
        "id": "TAM",
        "value": "Tampico Central Autobus"
    },
    {
        "id": "TEJ",
        "value": "Tejupilco  Mex"
    },
    {
        "id": "TNY",
        "value": "Tepic Central Autobus Nay"
    },
    {
        "id": "CLO",
        "value": "Tepic Terminal Colosio"
    },
    {
        "id": "TPZ",
        "value": "Tepotzotlán  Mex"
    },
    {
        "id": "TRC",
        "value": "Torreón  Coah"
    },
    {
        "id": "TCT",
        "value": "Tuxpan Centro Veracruz"
    },
    {
        "id": "TXP",
        "value": "Tuxpan  Veracruz"
    },
    {
        "id": "VGE",
        "value": "Vicente Guerrero  Dgo"
    },
    {
        "id": "ZCL",
        "value": "Zacatecas Central Autobus"
    },
    {
        "id": "ZIH",
        "value": "Zihuatanejo  Gro"
    }
]