[{"id":"ALL","value":"Allende  Chih"},{"id":"CAO","value":"Alvaro Obregon  Chih"},{"id":"ANG","value":"Angostura  Chih"},{"id":"BAC","value":"Bachiniva  Chih"},{"id":"C101","value":"Campo 101  Chih"},{"id":"CSM","value":"Campo Seis Y Medio  Chih"},{"id":"CAS","value":"Casas Grandes  Chih"},{"id":"CUU","value":"Chihuahua Central Autobus"},{"id":"ZOO","value":"Chihuahua Zootecnia"},{"id":"CTO","value":"Ciudad Cuauhtemoc  Chih"},{"id":"CIN","value":"Col. Independencia  Chih"},{"id":"QVO","value":"Colonia Quevedo  Chih"},{"id":"GAL","value":"Galeana  Chih"},{"id":"GFA","value":"Gomez Farias  Chih"},{"id":"ZAR","value":"Ignacio Zaragoza  Chih"},{"id":"LPN","value":"La Pinta  Chih"},{"id":"LAG","value":"Lagunitas  Chih"},{"id":"LVA","value":"Las Varas  Chih"},{"id":"LEB","value":"Lebaron  Chih"},{"id":"PEB","value":"Peña Blanca  Chih"},{"id":"SBV","value":"San Buenaventura. Chih."},{"id":"SOT","value":"Soto Mainez  Chih"},{"id":"TCA","value":"Tres Castillos. Chih."}]