[{"id":"ACT","value":"Actopan  Hgo"},
{"id":"AEA","value":"Aeropuerto Terminal A, B, C"},
{"id":"AGU","value":"Aguascalientes C. Autobus"},
{"id":"ATA","value":"Atlacomulco  Mex"},
{"id":"SCD","value":"Cadereyta Jimenez  N.l."},
{"id":"CGT","value":"Camargo  Tamps."},
{"id":"CYA","value":"Celaya  Gto"},
{"id":"CUU","value":"Chihuahua Central Autobus"},
{"id":"PIM","value":"Chihuahua Pistolasmeneses"},
{"id":"CHIN","value":"China  N.l."},
{"id":"ATG","value":"Ciudad Altamirano  Gro"},
{"id":"CJS","value":"Ciudad Juarez  Chih"},
{"id":"MIE","value":"Ciudad Mier  Tamps."},
{"id":"CVM","value":"Ciudad Victoria  Tamps"},
{"id":"COL","value":"Colima  Col"},
{"id":"COO","value":"Concepción Del Oro   Zac"},
{"id":"CUT","value":"Cutzamala  Gro"},
{"id":"DGO","value":"Durango Central Autobus"},
{"id":"FRE","value":"Fresnillo   Zac"},
{"id":"GBRA","value":"General Bravo  N.l."},
{"id":"GOP","value":"Gomez Palacio C. Autobus"},
{"id":"GDL","value":"Guadalajara  Jal"},
{"id":"GTO","value":"Guanajuato  Gto"},
{"id":"IPO","value":"Irapuato  Gto"},
{"id":"JUA","value":"Juan Aldama  Zac"},
{"id":"LPI","value":"La Piedad  Mich"},
{"id":"BJX","value":"Leon  Gto"},
{"id":"LNA","value":"Linares"},
{"id":"ZLO","value":"Manzanillo  Col"},
{"id":"MAM","value":"Matamoros. Tamps."},
{"id":"MHN","value":"Matehuala  Slp"},
{"id":"MEX","value":"Mexico Central Norte"},
{"id":"MAL","value":"Miguel Aleman. Tamps."},
{"id":"MTY","value":"Monterrey Central Autobus"},
{"id":"SCA","value":"Monterrey T. Sta Catarina"},
{"id":"MTF","value":"Monterrey Terminal Fierro"},
{"id":"MTY","value":"Monterrey. Nl."},
{"id":"MLM","value":"Morelia  Mich"},
{"id":"MRL","value":"Moroleon  Gto"},
{"id":"NLD","value":"Nuevo Laredo  Tamps."},
{"id":"PCA","value":"Pachuca  Hgo"},
{"id":"QET","value":"Queretaro  Qro"},
{"id":"RIB","value":"Rio Bravo  Tamps"},
{"id":"RGR","value":"Rio Grande  Zac"},
{"id":"SMX","value":"Salamanca  Gto"},
{"id":"SLW","value":"Saltillo Central Autobus"},
{"id":"SIO","value":"Saltillo Suc. El Indio"},
{"id":"SAV","value":"Salvatierra  Gto"},
{"id":"SJL","value":"San Juan De Los Lagos jal"},
{"id":"SLP","value":"San Luis Potosi  Slp"},
{"id":"PAG","value":"Suc. Paseos Agu."},
{"id":"MTF","value":"Monterrey Terminal Fierro"},
{"id":"TEJ","value":"Tejupilco  Mex"},
{"id":"TNY","value":"Tepic Central Autobus Nay"},
{"id":"CLO","value":"Tepic Terminal Colosio"},
{"id":"TPZ","value":"Tepotzotlán  Mex"},
{"id":"TLC","value":"Toluca  Mex"},
{"id":"TRC","value":"Torreón  Coah"},
{"id":"THG","value":"Tula  Hgo"},
{"id":"UPN","value":"Uruapan  Mich"},
{"id":"VHT","value":"Valle Hermoso Tamps"},
{"id":"VENC","value":"Venecia  Tamps."},
{"id":"VREA","value":"Villarreales"},
{"id":"ZCL","value":"Zacatecas Central Autobus"},
{"id":"ZAM","value":"Zamora  Mich"}]