[{"id":"APS","value":"Agua Prieta  Son"},{"id":"AGU","value":"Aguascalientes C. Autobus"},{"id":"CAO","value":"Alvaro Obregon  Chih"},{"id":"BJU","value":"Benito Juarez  Chih"},{"id":"CCA","value":"Camargo  Chih"},{"id":"C101","value":"Campo 101  Chih"},{"id":"CSM","value":"Campo Seis Y Medio  Chih"},{"id":"CNE","value":"Cananea  Son"},{"id":"CAS","value":"Casas Grandes  Chih"},{"id":"CUU","value":"Chihuahua Central Autobus"},{"id":"PIM","value":"Chihuahua Pistolasmeneses"},{"id":"ZOO","value":"Chihuahua Zootecnia"},{"id":"CTO","value":"Ciudad Cuauhtemoc  Chih"},{"id":"DEL","value":"Ciudad Delicias  Chih"},{"id":"JIM","value":"Ciudad Jimenez  Chih"},{"id":"CJS","value":"Ciudad Juarez  Chih"},{"id":"QVO","value":"Colonia Quevedo  Chih"},{"id":"CUI","value":"Cuitaca  Son"},{"id":"DGO","value":"Durango Central Autobus"},{"id":"ROD","value":"El Rodeo  Dgo"},{"id":"FRE","value":"Fresnillo   Zac"},{"id":"GAL","value":"Galeana  Chih"},{"id":"GOP","value":"Gomez Palacio C. Autobus"},{"id":"IMU","value":"Imuris  Son"},{"id":"IPO","value":"Irapuato  Gto"},{"id":"JGY","value":"Jagueyes  Chih"},{"id":"JAN","value":"Janos  Chih"},{"id":"JUA","value":"Juan Aldama  Zac"},{"id":"LQE","value":"La Quemada  Chih"},{"id":"LZA","value":"La Zarca  Dgo"},{"id":"LAG","value":"Lagunitas  Chih"},{"id":"LNI","value":"Las Nieve  Dgo"},{"id":"LAC","value":"Lazaro Cardenas  Chih"},{"id":"BJX","value":"Leon  Gto"},{"id":"MEX","value":"Mexico Central Norte"},{"id":"MLM","value":"Morelia  Mich"},{"id":"MRL","value":"Moroleon  Gto"},{"id":"NOG","value":"Nogales  Son"},{"id":"PAR","value":"Parral.  Chih."},{"id":"QET","value":"Queretaro  Qro"},{"id":"RGR","value":"Rio Grande  Zac"},{"id":"SMX","value":"Salamanca  Gto"},{"id":"SBV","value":"San Buenaventura. Chih."},{"id":"LZO","value":"San Lorenzo  Chih"},{"id":"SLP","value":"San Luis Potosi  Slp"},{"id":"CZO","value":"Suc. El Carrizo Hgo.  Dgo"},{"id":"TPZ","value":"Tepotzotlán  Mex"},{"id":"TRC","value":"Torreón  Coah"},{"id":"UPN","value":"Uruapan  Mich"},{"id":"VAH","value":"Villa Ahumada  Chih"},{"id":"VOC","value":"Villa Ocampo. Dgo"},{"id":"YUR","value":"Yuriria  Gto"},{"id":"ZCL","value":"Zacatecas Central Autobus"}]