[{"id":"APS","value":"Agua Prieta Son"},
{"id":"AGU","value":"Aguascalientes C. Autobus"},
{"id":"ATA","value":"Atlacomulco Mex"},
{"id":"CCA","value":"Camargo Chih"},
{"id":"CNE","value":"Cananea Son"},
{"id":"CAS","value":"Casas Grandes Chih"},
{"id":"CUU","value":"Chihuahua Central Autobus"},
{"id":"PIM","value":"Chihuahua Pistolasmeneses"},
{"id":"DEL","value":"Ciudad Delicias Chih"},
{"id":"JIM","value":"Ciudad Jimenez Chih"},
{"id":"CJS","value":"Ciudad Juarez Chih"},
{"id":"CLT","value":"Colotlán Jal"},
{"id":"COO","value":"Concepción Del Oro Zac"},
{"id":"CUE","value":"Cuencamé Dgo"},
{"id":"FRE","value":"Fresnillo Zac"},
{"id":"GOP","value":"Gomez Palacio C. Autobus"},
{"id":"GDL","value":"Guadalajara Jal"},
{"id":"HA2","value":"Hamburgo Las Palmas Dgo"},
{"id":"HUE","value":"Huejucar Jal"},
{"id":"IMU","value":"Imuris Son"},
{"id":"JAN","value":"Janos Chih"},
{"id":"JER","value":"Jerez Zac"},
{"id":"JU2","value":"Juan Aldama 2 Zac"},
{"id":"JUA","value":"Juan Aldama Zac"},
{"id":"BJX","value":"Leon Gto"},
{"id":"MAM","value":"Matamoros. Tamps."},
{"id":"MEX","value":"Mexico Central Norte"},
{"id":"MTY","value":"Monterrey Central Autobus"},
{"id":"NOG","value":"Nogales Son"},
{"id":"QET","value":"Queretaro Qro"},
{"id":"REX","value":"Reynosa. Tams."},
{"id":"RFM","value":"Ricardo Flores Magon. Chi"},
{"id":"SLN","value":"Salinas Slp"},
{"id":"SLW","value":"Saltillo Central Autobus"},
{"id":"SLP","value":"San Luis Potosi Slp"},
{"id":"PAG","value":"Suc. Paseos Agu"},
{"id":"TPZ","value":"Tepotzotlán Mex"},
{"id":"HAM","value":"Terminal Hamburgo Dgo"},
{"id":"TLA","value":"Tlaltenango Zac"},
{"id":"TLC","value":"Toluca Mex"},
{"id":"TRC","value":"Torreón Coah"},
{"id":"ZCL","value":"Zacatecas Central Autobus"},
{"id":"GZA","value":"Zacatecas Trmnl Guadalupe"}]