[{"id":"CHIN","value":"China  N.l."},{"id":"GBRA","value":"General Bravo  N.l."},{"id":"GDL","value":"Guadalajara  Jal"},{"id":"AHG","value":"Hidalgo Reynosa"},{"id":"MAM","value":"Matamoros. Tamps."},{"id":"MHN","value":"Matehuala  Slp"},{"id":"MTY","value":"Monterrey Central Autobus"},{"id":"SCA","value":"Monterrey T. Sta Catarina"},{"id":"MTF","value":"Monterrey Terminal Fierro"},{"id":"MTY","value":"Monterrey. Nl."},{"id":"REX","value":"Reynosa. Tams."},{"id":"SLW","value":"Saltillo Central Autobus"},{"id":"SJL","value":"San Juan De Los Lagos jal"},{"id":"SLP","value":"San Luis Potosi  Slp"},{"id":"MTF","value":"Monterrey Terminal Fierro"},{"id":"VHT","value":"Valle Hermoso Tamps"},{"id":"ZCL","value":"Zacatecas Central Autobus"}]