[{"id":"CUU","value":"Chihuahua Central Autobus"},{"id":"PIM","value":"Chihuahua Pistolasmeneses"},{"id":"ZOO","value":"Chihuahua Zootecnia"},{"id":"CJS","value":"Ciudad Juarez  Chih"},{"id":"DGO","value":"Durango Central Autobus"},{"id":"ERE","value":"Ejido Revolución  Dgo"},{"id":"SLU","value":"Granjas Sta. Lucia  Dgo"},{"id":"LZA","value":"La Zarca  Dgo"},{"id":"LNI","value":"Las Nieve  Dgo"},{"id":"PAR","value":"Parral.  Chih."},{"id":"STD","value":"Santa Maria Del Oro  Dgo"},{"id":"CZO","value":"Suc. El Carrizo Hgo.  Dgo"}]