[{"id":"APS","value":"Agua Prieta  Son"},{"id":"ALL","value":"Allende  Chih"},{"id":"CAO","value":"Alvaro Obregon  Chih"},{"id":"ANG","value":"Angostura  Chih"},{"id":"ASC","value":"Ascención  Chih"},{"id":"BAC","value":"Bachiniva  Chih"},{"id":"C101","value":"Campo 101  Chih"},{"id":"CSM","value":"Campo Seis Y Medio  Chih"},{"id":"CNE","value":"Cananea  Son"},{"id":"CAS","value":"Casas Grandes  Chih"},{"id":"CUU","value":"Chihuahua Central Autobus"},{"id":"PIM","value":"Chihuahua Pistolasmeneses"},{"id":"ZOO","value":"Chihuahua Zootecnia"},{"id":"CTO","value":"Ciudad Cuauhtemoc  Chih"},{"id":"CJS","value":"Ciudad Juarez  Chih"},{"id":"CIN","value":"Col. Independencia  Chih"},{"id":"QVO","value":"Colonia Quevedo  Chih"},{"id":"CPA","value":"Crucero Palomas  Chih"},{"id":"CUI","value":"Cuitaca  Son"},{"id":"GAL","value":"Galeana  Chih"},{"id":"GFA","value":"Gomez Farias  Chih"},{"id":"ZAR","value":"Ignacio Zaragoza  Chih"},{"id":"IMU","value":"Imuris  Son"},{"id":"JAN","value":"Janos  Chih"},{"id":"MIN","value":"La Mina  Chih"},{"id":"LPN","value":"La Pinta  Chih"},{"id":"LAG","value":"Lagunitas  Chih"},{"id":"LVA","value":"Las Varas  Chih"},{"id":"LEB","value":"Lebaron  Chih"},{"id":"NOG","value":"Nogales  Son"},{"id":"PEB","value":"Peña Blanca  Chih"},{"id":"RCO","value":"Rancho Colorado  Chih"},{"id":"RFM","value":"Ricardo Flores Magon. Chi"},{"id":"SOT","value":"Soto Mainez  Chih"},{"id":"TCA","value":"Tres Castillos. Chih."}]