[{"id":"ACT","value":"Actopan  Hgo"},{"id":"CGT","value":"Camargo  Tamps."},{"id":"CHIN","value":"China  N.l."},{"id":"GBRA","value":"General Bravo  N.l."},{"id":"MAM","value":"Matamoros. Tamps."},{"id":"MTY","value":"Monterrey Central Autobus"},{"id":"MTF","value":"Monterrey Terminal Fierro"},{"id":"MTY","value":"Monterrey. Nl."},{"id":"PCA","value":"Pachuca  Hgo"},{"id":"REX","value":"Reynosa. Tams."},{"id":"SLW","value":"Saltillo Central Autobus"},{"id":"MTF","value":"Monterrey Terminal Fierro"},{"id":"THG","value":"Tula  Hgo"},{"id":"VENC","value":"Venecia  Tamps."},{"id":"VREA","value":"Villarreales"}]