[{"id":"AGU","value":"Aguascalientes C. Autobus"},
{"id":"CCA","value":"Camargo  Chih"},
{"id":"CUU","value":"Chihuahua Central Autobus"},
{"id":"PIM","value":"Chihuahua Pistolasmeneses"},
{"id":"DEL","value":"Ciudad Delicias  Chih"},
{"id":"JIM","value":"Ciudad Jimenez  Chih"},
{"id":"CJS","value":"Ciudad Juarez  Chih"},
{"id":"CEM","value":"Ciudad Valles  Slp"},
{"id":"COO","value":"Concepción Del Oro   Zac"},
{"id":"EBA","value":"Ebano  Slp"},
{"id":"FRE","value":"Fresnillo   Zac"},
{"id":"GOP","value":"Gomez Palacio C. Autobus"},
{"id":"HUA","value":"Huauchinango  Pue"},
{"id":"JU2","value":"Juan Aldama 2  Zac"},
{"id":"LGS","value":"Lagos De Moreno  Jal"},
{"id":"MAM","value":"Matamoros. Tamps."},
{"id":"MTY","value":"Monterrey Central Autobus"},
{"id":"NLD","value":"Nuevo Laredo  Tamps"},
{"id":"PCA","value":"Pachuca  Hgo"},
{"id":"PAR","value":"Parral.  Chih."},
{"id":"PAZ","value":"Poza Rica  Ver"},
{"id":"RGR","value":"Rio Grande  Zac"},
{"id":"SLW","value":"Saltillo Central Autobus"},
{"id":"TAM","value":"Tampico Central Autobus"},
{"id":"TAN","value":"Tamuin  Slp"},
{"id":"TRC","value":"Torreón  Coah"},
{"id":"TCT","value":"Tuxpan Centro Veracruz"},
{"id":"TXP","value":"Tuxpan  Veracruz"},
{"id":"ZCL","value":"Zacatecas Central Autobus"}]