[{"id":"AGU2","value":"Aguascalientes Agr. Norte"},
{"id":"AGU","value":"Aguascalientes C. Autobus"},
{"id":"CCA","value":"Camargo Chih"},
{"id":"CUU","value":"Chihuahua Central Autobus"},
{"id":"PIM","value":"Chihuahua Pistolasmeneses"},
{"id":"DEL","value":"Ciudad Delicias Chih"},
{"id":"JIM","value":"Ciudad Jimenez Chih"},
{"id":"CJS","value":"Ciudad Juarez Chih"},
{"id":"CEM","value":"Ciudad Valles Slp"},
{"id":"COO","value":"Concepción Del Oro Zac"},
{"id":"FRE","value":"Fresnillo Zac"},
{"id":"GOP","value":"Gomez Palacio C. Autobus"},
{"id":"GDL","value":"Guadalajara Jal"},
{"id":"JU2","value":"Juan Aldama 2 Zac"},
{"id":"LGS","value":"Lagos De Moreno Jal"},
{"id":"LOR","value":"Loreto Zac"},
{"id":"LMO","value":"Luis Moya. Zac."},
{"id":"MAM","value":"Matamoros. Tamps."},
{"id":"MEX","value":"Mexico Central Norte"},
{"id":"MTY","value":"Monterrey Central Autobus"},
{"id":"NLD","value":"Nuevo Laredo Tamps"},
{"id":"OCN","value":"Ojo Caliente Nte-sur Zac"},
{"id":"REX","value":"Reynosa. Tams."},
{"id":"RGR","value":"Rio Grande Zac"},
{"id":"SLW","value":"Saltillo Central Autobus"},
{"id":"SLP","value":"San Luis Potosi Slp"},
{"id":"TAM","value":"Tampico Central Autobus"},
{"id":"TLE","value":"Tampico Terminal Ejercito"},
{"id":"TPT","value":"Tepatitlan Jal"},
{"id":"TPZ","value":"Tepotzotlán Mex"},
{"id":"TRC","value":"Torreón Coah"},
{"id":"ZCL","value":"Zacatecas Central Autobus"},
{"id":"ZPP","value":"Zapopan Jal"}]