[{"id":"APS","value":"Agua Prieta  Son"},{"id":"CCA","value":"Camargo  Chih"},{"id":"CNE","value":"Cananea  Son"},{"id":"CUU","value":"Chihuahua Central Autobus"},{"id":"PIM","value":"Chihuahua Pistolasmeneses"},{"id":"DEL","value":"Ciudad Delicias  Chih"},{"id":"JIM","value":"Ciudad Jimenez  Chih"},{"id":"CJS","value":"Ciudad Juarez  Chih"},{"id":"DGO","value":"Durango Central Autobus"},{"id":"FRE","value":"Fresnillo   Zac"},{"id":"GOP","value":"Gomez Palacio C. Autobus"},{"id":"HAM","value":"Terminal Hamburgo Gomez Palacio"},{"id":"JU2","value":"Juan Aldama 2  Zac"},{"id":"MEX","value":"Mexico Central Norte"},{"id":"NOG","value":"Nogales  Son"},{"id":"QET","value":"Queretaro  Qro"},{"id":"RGR","value":"Rio Grande  Zac"},{"id":"SLP","value":"San Luis Potosi  Slp"},{"id":"TPZ","value":"Tepotzotlán  Mex"},{"id":"TRC","value":"Torreón  Coah"},{"id":"ZCL","value":"Zacatecas Central Autobus"}]