[{"id":"APS","value":"Agua Prieta Son"},
{"id":"ATA","value":"Atlacomulco Mex"},
{"id":"CCA","value":"Camargo Chih"},
{"id":"CNE","value":"Cananea Son"},
{"id":"CAS","value":"Casas Grandes Chih"},
{"id":"CUU","value":"Chihuahua Central Autobus"},
{"id":"PIM","value":"Chihuahua Pistolasmeneses"},
{"id":"DEL","value":"Ciudad Delicias Chih"},
{"id":"JIM","value":"Ciudad Jimenez Chih"},
{"id":"CJS","value":"Ciudad Juarez Chih"},
{"id":"CEM","value":"Ciudad Valles Slp"},
{"id":"CVM","value":"Ciudad Victoria Tamps"},
{"id":"DGO","value":"Durango Central Autobus"},
{"id":"FRE","value":"Fresnillo Zac"},
{"id":"GOP","value":"Gomez Palacio C. Autobus"},
{"id":"GDL","value":"Guadalajara Jal"},
{"id":"HA2","value":"Hamburgo Las Palmas Dgo"},
{"id":"IMU","value":"Imuris Son"},
{"id":"JAN","value":"Janos Chih"},
{"id":"JU2","value":"Juan Aldama 2 Zac"},
{"id":"MAM","value":"Matamoros. Tamps."},
{"id":"MA57","value":"Matehuala 57"},
{"id":"MHN","value":"Matehuala Noreste"},
{"id":"MA57","value":"Matehuala Terminal 57"},
{"id":"MHN","value":"Matehuala Slp"},
{"id":"MEX","value":"Mexico Central Norte"},
{"id":"MTY","value":"Monterrey Central Autobus"},
{"id":"NOG","value":"Nogales Son"},
{"id":"NDI","value":"Nombre De Dios Dgo"},
{"id":"NLD","value":"Nuevo Laredo Tamps"},
{"id":"PAZ","value":"Poza Rica Ver"},
{"id":"QET","value":"Queretaro Qro"},
{"id":"REX","value":"Reynosa. Tams."},
{"id":"RFM","value":"Ricardo Flores Magon. Chi"},
{"id":"RGR","value":"Rio Grande Zac"},
{"id":"SAI","value":"Sain Alto Zac"},
{"id":"SLN","value":"Salinas Slp"},
{"id":"SJL","value":"San Juan De Los Lagos jal"},
{"id":"SJQ","value":"San Juan Del Rio qro"},
{"id":"SOM","value":"Sombrerete Zac"},
{"id":"TAM","value":"Tampico Central Autobus"},
{"id":"TLE","value":"Tampico Terminal Ejercito"},
{"id":"TPZ","value":"Tepotzotlán Mex"},
{"id":"HAM","value":"Terminal Hamburgo Dgo"},
{"id":"TLC","value":"Toluca Mex"},
{"id":"TRC","value":"Torreón Coah"},
{"id":"TCT","value":"Tuxpan Term. Centro Ver"},
{"id":"TXP","value":"Tuxpan Veracruz"},
{"id":"VGE","value":"Vicente Guerrero Dgo"},
{"id":"ZCL","value":"Zacatecas Central Autobus"},
{"id":"ZPP","value":"Zapopan Jal"}]