[{"id":"ACR","value":"Acambaro  Gto"},
{"id":"ACT","value":"Actopan  Hgo"},
{"id":"AGU","value":"Aguascalientes C. Autobus"},
{"id":"ATA","value":"Atlacomulco  Mex"},
{"id":"SCD","value":"Cadereyta Jimenez  N.l."},
{"id":"CCA","value":"Camargo  Chih"},
{"id":"CYA","value":"Celaya  Gto"},
{"id":"CUU","value":"Chihuahua Central Autobus"},
{"id":"PIM","value":"Chihuahua Pistolasmeneses"},
{"id":"ATG","value":"Ciudad Altamirano  Gro"},
{"id":"DEL","value":"Ciudad Delicias  Chih"},
{"id":"HID","value":"Ciudad Hidalgo  Mich"},
{"id":"JIM","value":"Ciudad Jimenez  Chih"},
{"id":"CJS","value":"Ciudad Juarez  Chih"},
{"id":"COO","value":"Concepción Del Oro   Zac"},
{"id":"CUT","value":"Cutzamala  Gro"},
{"id":"DGO","value":"Durango Central Autobus"},
{"id":"FRE","value":"Fresnillo   Zac"},
{"id":"GOP","value":"Gomez Palacio C. Autobus"},
{"id":"GDL","value":"Guadalajara  Jal"},
{"id":"GTO","value":"Guanajuato  Gto"},
{"id":"IXP","value":"Ixtapa Zihuatanejo  Gro"},
{"id":"JU2","value":"Juan Aldama 2  Zac"},
{"id":"JUA","value":"Juan Aldama  Zac"},
{"id":"LGS","value":"Lagos de Moreno, Jal."},
{"id":"LZC","value":"Lazaro Cardenas  Mich"},
{"id":"BJX","value":"Leon  Gto"},
{"id":"MVT","value":"Maravatio  Mich"},
{"id":"MAM","value":"Matamoros. Tamps."},
{"id":"MHN","value":"Matehuala  Slp"},
{"id":"MEX","value":"Mexico Central Norte"},
{"id":"MTY","value":"Monterrey Central Autobus"},
{"id":"MLM","value":"Morelia  Mich"},
{"id":"MRL","value":"Moroleon  Gto"},
{"id":"LOV","value":"Monclova  Coah."},
{"id":"NLD","value":"Nuevo Laredo  Tamps"},
{"id":"PCA","value":"Pachuca  Hgo"},
{"id":"PAR","value":"Parral.  Chih."},
{"id":"PAZ","value":"Poza Rica  Ver"},
{"id":"QET","value":"Queretaro  Qro"},
{"id":"REX","value":"Reynosa. Tams."},
{"id":"RGR","value":"Rio Grande  Zac"},
{"id":"SAI","value":"Sain Alto  Zac"},
{"id":"SAV","value":"Salvatierra  Gto"},
{"id":"SJL","value":"San Juan De Los Lagos jal"},
{"id":"SPA","value":"San Luis De La Paz  Gto"},
{"id":"SLP","value":"San Luis Potosi  Slp"},
{"id":"SIL","value":"Silao Gto"},
{"id":"SOM","value":"Sombrerete  Zac"},
{"id":"PAG","value":"Suc. Paseos Agu."},
{"id":"TAM","value":"Tampico Central Autobus"},
{"id":"TMN","value":"Tampico Norte  Tamps"},
{"id":"TEJ","value":"Tejupilco  Mex"},
{"id":"TPZ","value":"Tepotzotlán  Mex"},
{"id":"TLC","value":"Toluca  Mex"},
{"id":"TRC","value":"Torreón  Coah"},
{"id":"THG","value":"Tula  Hgo"},
{"id":"TXM","value":"Tuxpan Michoacán  Mich"},
{"id":"TCT","value":"Tuxpan Centro Veracruz"},
{"id":"TXP","value":"Tuxpan  Veracruz"},
{"id":"ZCL","value":"Zacatecas Central Autobus"},
{"id":"ZIH","value":"Zihuatanejo  Gro"},
{"id":"ZTC","value":"Zitacuaro  Mich"}]