[{"id":"APS","value":"Agua Prieta  Son"},
{"id":"CCA","value":"Camargo  Chih"},
{"id":"CNE","value":"Cananea  Son"},
{"id":"CAS","value":"Casas Grandes  Chih"},
{"id":"CUU","value":"Chihuahua Central Autobus"},
{"id":"PIM","value":"Chihuahua Pistolasmeneses"},
{"id":"DEL","value":"Ciudad Delicias  Chih"},
{"id":"JIM","value":"Ciudad Jimenez  Chih"},
{"id":"CJS","value":"Ciudad Juarez  Chih"},
{"id":"CEM","value":"Ciudad Valles  Slp"},
{"id":"CVM","value":"Ciudad Victoria  Tamps"},
{"id":"DGO","value":"Durango Central Autobus"},
{"id":"FRE","value":"Fresnillo   Zac"},
{"id":"GOP","value":"Gomez Palacio C. Autobus"},
{"id":"HUA","value":"Huauchinango  Pue"},
{"id":"IMU","value":"Imuris  Son"},
{"id":"JAN","value":"Janos  Chih"},
{"id":"JU2","value":"Juan Aldama 2  Zac"},
{"id":"LGS","value":"Lagos De Moreno  Jal"},
{"id":"MAM","value":"Matamoros. Tamps."},
{"id":"MTY","value":"Monterrey Central Autobus"},
{"id":"NOG","value":"Nogales  Son"},
{"id":"NLD","value":"Nuevo Laredo  Tamps"},
{"id":"PAZ","value":"Poza Rica  Ver"},
{"id":"REX","value":"Reynosa. Tams."},
{"id":"RFM","value":"Ricardo Flores Magon. Chi"},
{"id":"RGR","value":"Rio Grande  Zac"},
{"id":"PAG","value":"Suc. Paseos Agu."},
{"id":"TAM","value":"Tampico Central Autobus"},
{"id":"TRC","value":"Torreón  Coah"},
{"id":"TCT","value":"Tuxpan Centro Veracruz"},
{"id":"TXP","value":"Tuxpan  Veracruz"},
{"id":"ZCL","value":"Zacatecas Central Autobus"}]