[{"id":"ATG","value":"Ciudad Altamirano  Gro"},{"id":"GOP","value":"Gomez Palacio C. Autobus"},{"id":"GDL","value":"Guadalajara  Jal"},{"id":"AHG","value":"Hidalgo Reynosa  Tamps"},{"id":"MTY","value":"Monterrey Central Autobus"},{"id":"SCA","value":"Monterrey T. Sta Catarina"},{"id":"MTF","value":"Monterrey Terminal Fierro"},{"id":"REX","value":"Reynosa. Tams."},{"id":"RIB","value":"Rio Bravo  Tamps"},{"id":"SLW","value":"Saltillo Central Autobus"},{"id":"TRC","value":"Torreón  Coah"},{"id":"ZCL","value":"Zacatecas Central Autobus"}]