[{"id":"CLT","value":"Colotlán Jal"},
{"id":"BAT","value":"El Batán Jal"},
{"id":"GDL","value":"Guadalajara Jal"},
{"id":"HUE","value":"Huejucar Jal"},
{"id":"JAP","value":"Jalpa Zac"},
{"id":"JER","value":"Jerez Zac"},
{"id":"JUC","value":"Juchipila. Zac."},
{"id":"MDM","value":"Mercado Del Mar Zapopan C"},
{"id":"MOY","value":"Moyahua Zac"},
{"id":"TAB","value":"Tabasco. Zac."},
{"id":"TEU","value":"Teul De Glez Ortega Zac"},
{"id":"TLA","value":"Tlaltenango Zac"},
{"id":"VIL","value":"Villanueva Zac"},
{"id":"ZCL","value":"Zacatecas Central Autobus"}]