[{"id":"ATA","value":"Atlacomulco Mex"},
{"id":"CST","value":"Castaños Coah. ( Lov )"},
{"id":"CYA","value":"Celaya Gto"},
{"id":"ATG","value":"Ciudad Altamirano Gro"},
{"id":"COO","value":"Concepción Del Oro Zac"},
{"id":"CUT","value":"Cutzamala Gro"},
{"id":"IPO","value":"Irapuato Gto"},
{"id":"LPI","value":"La Piedad Mich"},
{"id":"MHN","value":"Matehuala Slp"},
{"id":"MEX","value":"Mexico Central Norte"},
{"id":"LOV","value":"Monclova Coah."},
{"id":"MTY","value":"Monterrey Central Autobus"},
{"id":"SCA","value":"Monterrey T. Sta Catarina"},
{"id":"MLM","value":"Morelia Mich"},
{"id":"MRL","value":"Moroleon Gto"},
{"id":"NLD","value":"Nuevo Laredo Tamps"},
{"id":"QET","value":"Queretaro Qro"},
{"id":"SMX","value":"Salamanca Gto"},
{"id":"SLW","value":"Saltillo Central Autobus"},
{"id":"SLP","value":"San Luis Potosi Slp"},
{"id":"PAG","value":"Suc. Paseos Agu."},
{"id":"TEJ","value":"Tejupilco Mex"},
{"id":"TPZ","value":"Tepotzotlán Mex"},
{"id":"TLC","value":"Toluca Mex"},
{"id":"ZCL","value":"Zacatecas Central Autobus"},
{"id":"GZA","value":"Zacatecas Trmnl Guadalupe"},
{"id":"ZAM","value":"Zamora Mich"}]
