[
    {
        "id": "DGO",
        "value": "Durango Central Autobus"
    },
    {
        "id": "GOP",
        "value": "Gomez Palacio C. Autobus"
    },
    {
        "id": "MAM",
        "value": "Matamoros. Tamps."
    },
    {
        "id": "MEX",
        "value": "Mexico Central Norte"
    },
    {
        "id": "MTY",
        "value": "Monterrey Central Autobus"
    },
    {
        "id": "PAZ",
        "value": "Poza Rica  Ver"
    },
    {
        "id": "REX",
        "value": "Reynosa. Tams."
    },
    {
        "id": "TAM",
        "value": "Tampico Central Autobus"
    },
    {
        "id": "TMN",
        "value": "Tampico Norte  Tamps"
    },
    {
        "id": "TPZ",
        "value": "Tepotzotlán  Mex"
    },
    {
        "id": "TRC",
        "value": "Torreón  Coah"
    },
    {
        "id": "TCT",
        "value": "Tuxpan Term. Centro  Ver"
    },
    {
        "id": "TXP",
        "value": "Tuxpan  Veracruz"
    }
    ,
    {
        "id": "SFG",
        "value": "San Felipe Gto Gto"
    }
    ,
    {
        "id": "SIL",
        "value": "Silao Gto"
    }
    ,
    {
        "id": "IPO",
        "value": "Irapuato Gto"
    }
    ,
    {
        "id": "LPI",
        "value": "La Piedad Mich"
    }
    ,
    {
        "id": "ZAM",
        "value": "Zamora Mich"
    }
    ,
    {
        "id": "LRY",
        "value": "Los Reyes Mich"
    }
    ,
    {
        "id": "QET",
        "value": "Queretaro Qro"
    }
    ,
    {
        "id": "CYA",
        "value": "Celaya Gto"
    }
    ,
    {
        "id": "MRL",
        "value": "Moroleon Gto"
    }
    ,
    {
        "id": "MLM",
        "value": "Morelia Mich"
    }
    ,
    {
        "id": "LZC",
        "value": "Lazaro Cardenas Mich"
    }
    ,
    {
        "id": "ZIH",
        "value": "Zihuatanejo Gro"
    }
    ,
    {
        "id": "TPZ",
        "value": "Tepotzotlán Mex"
    }
    ,
    {
        "id": "JIM",
        "value": "Ciudad Jimenez Chih"
    }
    ,
    {
        "id": "CCA",
        "value": "Camargo Chih"
    }
    ,
    {
        "id": "DEL",
        "value": "Ciudad Delicias Chih"
    }
    ,
    {
        "id": "CUU",
        "value": "Chihuahua Central Autobus"
    }
    ,
    {
        "id": "PIM",
        "value": "Chihuahua Pistolasmeneses"
    }
    ,
    {
        "id": "VAH",
        "value": "Villa Ahumada Chih"
    }
    ,
    {
        "id": "CJS",
        "value": "Ciudad Juarez Chih"
    }
    ,
    {
        "id": "THG",
        "value": "Tula Hgo"
    }
    ,
    {
        "id": "PCA",
        "value": "Pachuca Hgo"
    }
    ,
    {
        "id": "ACT",
        "value": "Actopan Hgo"
    }
    ,
    {
        "id": "AGU",
        "value": "Aguascalientes C. Autobus"
    }
    ,
    {
        "id": "GDL",
        "value": "Guadalajara Jal"
    }
]