[{"id":"NLU","value":"Aeropuerto Felipe Angeles"},
{"id":"ATA","value":"Atlacomulco Mex"},
{"id":"CCA","value":"Camargo Chih"},
{"id":"CYA","value":"Celaya Gto"},
{"id":"CUU","value":"Chihuahua Central Autobus"},
{"id":"PIM","value":"Chihuahua Pistolasmeneses"},
{"id":"DEL","value":"Ciudad Delicias Chih"},
{"id":"JIM","value":"Ciudad Jimenez Chih"},
{"id":"CJS","value":"Ciudad Juarez Chih"},
{"id":"CEM","value":"Ciudad Valles Slp"},
{"id":"CVM","value":"Ciudad Victoria Tamps"},
{"id":"DGO","value":"Durango Central Autobus"},
{"id":"FRE","value":"Fresnillo Zac"},
{"id":"GOP","value":"Gomez Palacio C. Autobus"},
{"id":"GDL","value":"Guadalajara Jal"},
{"id":"HUA","value":"Huauchinango Pue"},
{"id":"IPO","value":"Irapuato Gto"},
{"id":"BJX","value":"Leon Gto"},
{"id":"MEX","value":"Mexico Central Norte"},
{"id":"MTY","value":"Monterrey Central Autobus"},
{"id":"SCA","value":"Monterrey T. Sta Catarina"},
{"id":"MLM","value":"Morelia Mich"},
{"id":"NDI","value":"Nombre De Dios Dgo"},
{"id":"PCA","value":"Pachuca Hgo"},
{"id":"PAZ","value":"Poza Rica Ver"},
{"id":"QET","value":"Queretaro Qro"},
{"id":"SAI","value":"Sain Alto Zac"},
{"id":"SMX","value":"Salamanca Gto"},
{"id":"SLN","value":"Salinas Slp"},
{"id":"SLW","value":"Saltillo Central Autobus"},
{"id":"SJL","value":"San Juan De Los Lagos jal"},
{"id":"SLP","value":"San Luis Potosi Slp"},
{"id":"SOM","value":"Sombrerete Zac"},
{"id":"SAR","value":"Suc. Soriana Altamira"},
{"id":"TMN","value":"Tampico Norte Tamps"},
{"id":"TLE","value":"Tampico Terminal Ejercito"},
{"id":"TAN","value":"Tamuin Slp"},
{"id":"HAM","value":"Terminal Hamburgo Dgo"},
{"id":"TLC","value":"Toluca Mex"},
{"id":"TRC","value":"Torreón Coah"},
{"id":"THG","value":"Tula Hgo"},
{"id":"TCT","value":"Tuxpan Term. Centro Ver"},
{"id":"TXP","value":"Tuxpan Veracruz"},
{"id":"VGE","value":"Vicente Guerrero Dgo"},
{"id":"ZCL","value":"Zacatecas Central Autobus"},
{"id":"ZPP","value":"Zapopan Jal"}]