[{"id":"AGU","value":"Aguascalientes C. Autobus"},
{"id":"CUU","value":"Chihuahua Central Autobus"},
{"id":"PIM","value":"Chihuahua Pistolasmeneses"},
{"id":"DEL","value":"Ciudad Delicias Chih"},
{"id":"CGZ","value":"Ciudad Guzman Jal"},
{"id":"CJS","value":"Ciudad Juarez Chih"},
{"id":"COL","value":"Colima Col"},
{"id":"DGO","value":"Durango Central Autobus"},
{"id":"FRE","value":"Fresnillo Zac"},
{"id":"GOP","value":"Gomez Palacio C. Autobus"},
{"id":"GD1","value":"Guadalajara Modulo 1"},
{"id":"GDL","value":"Guadalajara Jal"},
{"id":"ZLO","value":"Manzanillo Col"},
{"id":"MAM","value":"Matamoros. Tamps."},
{"id":"MTY","value":"Monterrey Central Autobus"},
{"id":"NDI","value":"Nombre De Dios Dgo"},
{"id":"REX","value":"Reynosa. Tams."},
{"id":"SAI","value":"Sain Alto Zac"},
{"id":"SOM","value":"Sombrerete Zac"},
{"id":"HAM","value":"Terminal Hamburgo Dgo"},
{"id":"TRC","value":"Torreón Coah"},
{"id":"VGE","value":"Vicente Guerrero Dgo"},
{"id":"ZCL","value":"Zacatecas Central Autobus"}]