[{"id":"ATA","value":"Atlacomulco  Mex"},{"id":"ATG","value":"Ciudad Altamirano  Gro"},{"id":"CVM","value":"Ciudad Victoria  Tamps"},{"id":"CUT","value":"Cutzamala  Gro"},{"id":"GOP","value":"Gomez Palacio C. Autobus"},{"id":"MAM","value":"Matamoros. Tamps."},{"id":"MTY","value":"Monterrey Central Autobus"},{"id":"NLD","value":"Nuevo Laredo  Tamps"},{"id":"QET","value":"Queretaro  Qro"},{"id":"REX","value":"Reynosa. Tams."},{"id":"SLP","value":"San Luis Potosi  Slp"},{"id":"TLC","value":"Toluca  Mex"},{"id":"TRC","value":"Torreón  Coah"}]