[{"id":"ANM","value":"Angamacutiro Mich."},
{"id":"ATA","value":"Atlacomulco Edo. Mex"},
{"id":"CAB","value":"Caborca Sonora"},
{"id":"CEN","value":"Cd. Obregon Sonora"},
{"id":"CYA","value":"Celaya Gto."},
{"id":"CEN","value":"Ciudad Obregon Son."},
{"id":"CLO","value":"Colosio Nayarit"},
{"id":"CAC","value":"Culiacan Sin."},
{"id":"EML","value":"Empalme Sonora"},
{"id":"GD1","value":"Guadalajara Modulo 1"},
{"id":"GDL","value":"Guadalajara Modulo 6"},
{"id":"GCH","value":"Guamuchil Sinaloa"},
{"id":"GSV","value":"Guasave Sinaloa"},
{"id":"GYM","value":"Guaymas Sonora"},
{"id":"HMO","value":"Hermosillo C. Autobuses"},
{"id":"HET","value":"Hermosillo Ter Son."},
{"id":"IMU","value":"Imuris Sonora"},
{"id":"IPO","value":"Irapuato Gto."},
{"id":"LPI","value":"La Piedad Michoacan"},
{"id":"LMM","value":"Los Mochis Sin"},
{"id":"MZT","value":"Mazatlan Sinaloa"},
{"id":"MXL","value":"Mexicali B.c."},
{"id":"MEX","value":"Mexico Cdmx"},
{"id":"MLM","value":"Morelia Michoacan"},
{"id":"NAJ","value":"Navojoa Centro"},
{"id":"NAV","value":"Navojoa Sonora"},
{"id":"NOG","value":"Nogales Sonora"},
{"id":"PJM","value":"Penjamo Gto."},
{"id":"SPC","value":"Plaza Cibeles Mxl"},
{"id":"PUR","value":"Puruandiro Michoacan"},
{"id":"QET","value":"Queretaro Qro."},
{"id":"UAC","value":"S. L. Rio Colorado So"},
{"id":"SMX","value":"Salamanca Gto"},
{"id":"UAC","value":"San Luis Rio Colorado so"},
{"id":"ANA","value":"Santa Ana Sonora"},
{"id":"SON","value":"Sonoyta Sonora"},
{"id":"TNY","value":"Tepic Nayarit"},
{"id":"TPZ","value":"Tepotzotlan Edomex"},
{"id":"HET","value":"Terminal Hermosillo Son"},
{"id":"UPN","value":"Uruapan Michoacan"},
{"id":"ZAM","value":"Zamora Michoacan"},
{"id":"ZPP","value":"Zapopan Jalisco"}]