[{"id":"APS","value":"Agua Prieta  Son"},
{"id":"CCA","value":"Camargo  Chih"},
{"id":"CNE","value":"Cananea  Son"},
{"id":"CAS","value":"Casas Grandes  Chih"},
{"id":"CUU","value":"Chihuahua Central Autobus"},
{"id":"PIM","value":"Chihuahua Pistolasmeneses"},
{"id":"DEL","value":"Ciudad Delicias  Chih"},
{"id":"JIM","value":"Ciudad Jimenez  Chih"},
{"id":"CJS","value":"Ciudad Juarez  Chih"},
{"id":"CVM","value":"Ciudad Victoria  Tamps"},
{"id":"DGO","value":"Durango Central Autobus"},
{"id":"FRE","value":"Fresnillo   Zac"},
{"id":"GOP","value":"Gomez Palacio C. Autobus"},
{"id":"IMU","value":"Imuris  Son"},
{"id":"JAN","value":"Janos  Chih"},
{"id":"MAM","value":"Matamoros. Tamps."},
{"id":"MTY","value":"Monterrey Central Autobus"},
{"id":"NOG","value":"Nogales  Son"},
{"id":"NDI","value":"Nombre De Dios  Dgo"},
{"id":"NLD","value":"Nuevo Laredo  Tamps"},
{"id":"PCA","value":"Pachuca  Hgo"},
{"id":"REX","value":"Reynosa. Tams."},
{"id":"RFM","value":"Ricardo Flores Magon. Chi"},
{"id":"RGR","value":"Rio Grande  Zac"},
{"id":"SLN","value":"Salinas  Slp"},
{"id":"SLW","value":"Saltillo Central Autobus"},
{"id":"SLP","value":"San Luis Potosi  Slp"},
{"id":"SOM","value":"Sombrerete  Zac"},
{"id":"TAM","value":"Tampico Central Autobus"},
{"id":"TNY","value":"Tepic Central Autobus Nay"},
{"id":"CLO","value":"Tepic Terminal Colosio"},
{"id":"TRC","value":"Torreón  Coah"},
{"id":"THG","value":"Tula  Hgo"},
{"id":"TCT","value":"Tuxpan Centro Veracruz"},
{"id":"TXP","value":"Tuxpan  Veracruz"},
{"id":"VGE","value":"Vicente Guerrero  Dgo"},
{"id":"ZCL","value":"Zacatecas Central Autobus"}]