[{"id":"ATA","value":"Atlacomulco Mex"},
{"id":"CYA","value":"Celaya Gto"},
{"id":"CEM","value":"Ciudad Valles Slp"},
{"id":"GDL","value":"Guadalajara Jal"},
{"id":"HUA","value":"Huauchinango Pue"},
{"id":"IPO","value":"Irapuato Gto"},
{"id":"BJX","value":"Leon Gto"},
{"id":"MEX","value":"Mexico Central Norte"},
{"id":"MLM","value":"Morelia Mich"},
{"id":"PCA","value":"Pachuca Hgo"},
{"id":"PAZ","value":"Poza Rica Ver"},
{"id":"QET","value":"Queretaro Qro"},
{"id":"SMX","value":"Salamanca Gto"},
{"id":"SJL","value":"San Juan De Los Lagos jal"},
{"id":"SLP","value":"San Luis Potosi Slp"},
{"id":"SAR","value":"Suc. Soriana Altamira"},
{"id":"TAM","value":"Tampico Central Autobus"},
{"id":"TMN","value":"Tampico Norte Tamps"},
{"id":"TAN","value":"Tamuin Slp"},
{"id":"TLC","value":"Toluca Mex"},
{"id":"THG","value":"Tula Hgo"},
{"id":"TCT","value":"Tuxpan Term. Centro Ver"},
{"id":"TXP","value":"Tuxpan Veracruz"},
{"id":"ZPP","value":"Zapopan Jal"}]