[
  { "id": "AEG", "value": "Aeropuerto Gdl Jal" },
  { "id": "AHU", "value": "Ahuacatlán Nay" },
  { "id": "CAB", "value": "Caborca Sonora" },
  { "id": "CCA", "value": "Camargo Chih" },
  { "id": "CEN", "value": "Cd. Obregon Sonora" },
  { "id": "CUU", "value": "Chihuahua Central Autobus" },
  { "id": "PIM", "value": "Chihuahua Pistolasmeneses" },
  { "id": "DEL", "value": "Ciudad Delicias Chih" },
  { "id": "CGZ", "value": "Ciudad Guzman Jal" },
  { "id": "JIM", "value": "Ciudad Jimenez Chih" },
  { "id": "CJS", "value": "Ciudad Juarez Chih" },
  { "id": "CEN", "value": "Ciudad Obregon Son." },
  { "id": "COL", "value": "Colima Col" },
  { "id": "CLO", "value": "Colosio Nayarit" },
  { "id": "CAC", "value": "Culiacan Sin." },
  { "id": "EML", "value": "Empalme Sonora" },
  { "id": "GOP", "value": "Gomez Palacio C. Autobus" },
  { "id": "GD1", "value": "Guadalajara Modulo 1" },
  { "id": "GDL", "value": "Guadalajara Jal" },
  { "id": "GCH", "value": "Guamuchil Sinaloa" },
  { "id": "GSV", "value": "Guasave Sinaloa" },
  { "id": "GYM", "value": "Guaymas Sonora" },
  { "id": "HMO", "value": "Hermosillo C. Autobuses" },
  { "id": "HET", "value": "Hermosillo Ter Son." },
  { "id": "IMU", "value": "Imuris Son" },
  { "id": "IXT", "value": "Ixtlan Del Rio Nay" },
  { "id": "MRM", "value": "Los Mochis Suc Morelos S" },
  { "id": "LMM", "value": "Los Mochis Sin" },
  { "id": "ZLO", "value": "Manzanillo Col" },
  { "id": "MAM", "value": "Matamoros. Tamps." },
  { "id": "MZT", "value": "Mazatlan Sin." },
  { "id": "MXL", "value": "Mexicali B.c." },
  { "id": "MEX", "value": "Mexico Central Norte" },
  { "id": "MTY", "value": "Monterrey Central Autobus" },
  { "id": "NAJ", "value": "Navojoa Centro" },
  { "id": "NAV", "value": "Navojoa Sonora" },
  { "id": "NOG", "value": "Nogales Son" },
  { "id": "NLD", "value": "Nuevo Laredo Tamps" },
  { "id": "REX", "value": "Reynosa. Tams." },
  { "id": "UAC", "value": "S. L. Rio Colorado So" },
  { "id": "SLW", "value": "Saltillo Central Autobus" },
  { "id": "ANA", "value": "Santa Ana Sonora" },
  { "id": "SON", "value": "Sonoyta Sonora" },
  { "id": "TEC", "value": "Tecoman Col" },
  { "id": "TNY", "value": "Tepic Central Autobus Nay" },
  { "id": "CLO", "value": "Tepic Terminal Colosio" },
  { "id": "TPZ", "value": "Tepotzotlán Mex" },
  { "id": "HAM", "value": "Terminal Hamburgo Dgo" },
  { "id": "HET", "value": "Terminal Hermosillo Son" },
  { "id": "TIJ", "value": "Tijuana B.c." },
  { "id": "TRC", "value": "Torreón Coah" },
  { "id": "TUJ", "value": "Tuxpan Jalisco Jal" },
  { "id": "ZPP", "value": "Zapopan Jal" }
]
