[{"id":"AEG","value":"Aeropuerto Gdl Jal"},
{"id":"AHU","value":"Ahuacatlán Nay"},
{"id":"ANM","value":"Angamacutiro Mich."},
{"id":"ATA","value":"Atlacomulco Edo. Mex"},
{"id":"CAB","value":"Caborca Sonora"},
{"id":"CCA","value":"Camargo Chih"},
{"id":"CEN","value":"Cd. Obregon Sonora"},
{"id":"CYA","value":"Celaya Gto."},
{"id":"CUU","value":"Chihuahua Central Autobus"},
{"id":"PIM","value":"Chihuahua Pistolasmeneses"},
{"id":"DEL","value":"Ciudad Delicias Chih"},
{"id":"JIM","value":"Ciudad Jimenez Chih"},
{"id":"CJS","value":"Ciudad Juarez Chih"},
{"id":"CEN","value":"Ciudad Obregon Son."},
{"id":"CLO","value":"Colosio Nayarit"},
{"id":"CJA","value":"Crucero De Jala"},
{"id":"CAC","value":"Culiacan Sin."},
{"id":"EML","value":"Empalme Sonora"},
{"id":"GOP","value":"Gomez Palacio C. Autobus"},
{"id":"GD1","value":"Guadalajara Modulo 1"},
{"id":"GDL","value":"Guadalajara Modulo 6"},
{"id":"GCH","value":"Guamuchil Sinaloa"},
{"id":"GSV","value":"Guasave Sinaloa"},
{"id":"GYM","value":"Guaymas Sonora"},
{"id":"HMO","value":"Hermosillo C. Autobuses"},
{"id":"HET","value":"Hermosillo Ter Son."},
{"id":"IMU","value":"Imuris Son"},
{"id":"IPO","value":"Irapuato Gto"},
{"id":"IXT","value":"Ixtlan Del Rio Nay"},
{"id":"LPI","value":"La Piedad Michoacan"},
{"id":"BJX","value":"Leon Gto"},
{"id":"LMM","value":"Los Mochis Sin"},
{"id":"MAM","value":"Matamoros. Tamps."},
{"id":"MZT","value":"Mazatlan Sin."},
{"id":"MXL","value":"Mexicali B.c."},
{"id":"MEX","value":"Mexico Central Norte"},
{"id":"OBS","value":"Mexico Observatorio"},
{"id":"MEX","value":"Mexico Cdmx"},
{"id":"MEZ","value":"Mezcales Nay."},
{"id":"MTY","value":"Monterrey Central Autobus"},
{"id":"MLM","value":"Morelia Mich"},
{"id":"NAJ","value":"Navojoa Centro"},
{"id":"NAV","value":"Navojoa Sonora"},
{"id":"NOG","value":"Nogales Son"},
{"id":"NLD","value":"Nuevo Laredo Tamps"},
{"id":"VLL","value":"Nuevo Vallarta Nay."},
{"id":"PTC","value":"Patzcuaro Mich"},
{"id":"PJM","value":"Penjamo Gto."},
{"id":"PVR","value":"Puerto Vallarta Jal"},
{"id":"PUR","value":"Puruandiro Michoacan"},
{"id":"QET","value":"Queretaro Qro"},
{"id":"REX","value":"Reynosa. Tams."},
{"id":"UAC","value":"S. L. Rio Colorado So"},
{"id":"SMX","value":"Salamanca Gto"},
{"id":"SLW","value":"Saltillo Central Autobus"},
{"id":"ANA","value":"Santa Ana Sonora"},
{"id":"SON","value":"Sonoyta Sonora"},
{"id":"CLO","value":"Tepic Terminal Colosio"},
{"id":"TPZ","value":"Tepotzotlan Edomex"},
{"id":"HAM","value":"Terminal Hamburgo Dgo"},
{"id":"HET","value":"Terminal Hermosillo Son"},
{"id":"TIJ","value":"Tijuana B.c."},
{"id":"TLC","value":"Toluca Mex"},
{"id":"TRC","value":"Torreón Coah"},
{"id":"TLI","value":"Tren Ligero Jal"},
{"id":"UPN","value":"Uruapan Mich"},
{"id":"ZAM","value":"Zamora Michoacan"},
{"id":"ZPP","value":"Zapopan Jal"}]