[{"id":"APS","value":"Agua Prieta  Son"},
{"id":"AGU","value":"Aguascalientes C. Autobus"},
{"id":"CCA","value":"Camargo  Chih"},
{"id":"CNE","value":"Cananea  Son"},
{"id":"CAS","value":"Casas Grandes  Chih"},
{"id":"CUU","value":"Chihuahua Central Autobus"},
{"id":"PIM","value":"Chihuahua Pistolasmeneses"},
{"id":"DEL","value":"Ciudad Delicias  Chih"},
{"id":"CGZ","value":"Ciudad Guzman  Jal"},
{"id":"JIM","value":"Ciudad Jimenez  Chih"},
{"id":"CJS","value":"Ciudad Juarez  Chih"},
{"id":"CDM","value":"Ciudad Mante  Tamps"},
{"id":"CEM","value":"Ciudad Valles  Slp"},
{"id":"CVM","value":"Ciudad Victoria  Tamps"},
{"id":"COL","value":"Colima  Col"},
{"id":"CLT","value":"Colotlán  Jal"},
{"id":"CAC","value":"Culiacan  Sin."},
{"id":"DGO","value":"Durango Central Autobus"},
{"id":"FRE","value":"Fresnillo   Zac"},
{"id":"GOP","value":"Gomez Palacio C. Autobus"},
{"id":"GSV","value":"Guasave Sin."},
{"id":"HAM","value":"Terminal Hamburgo Gomez Palacio"},
{"id":"GDL","value":"Guadalajara  Jal"},
{"id":"GCH","value":"Guamuchil Sin."},
{"id":"HUE","value":"Huejucar  Jal"},
{"id":"IMU","value":"Imuris  Son"},
{"id":"IXT","value":"Ixtlan Del Rio  Nay"},
{"id":"JAN","value":"Janos  Chih"},
{"id":"JER","value":"Jerez  Zac"},
{"id":"JU2","value":"Juan Aldama 2  Zac"},
{"id":"LBB","value":"La Barca  Jal"},
{"id":"LGS","value":"Lagos De Moreno  Jal"},
{"id":"LOR","value":"Loreto  Zac"},
{"id":"LMM","value":"Los Mochis Sin."},
{"id":"MZT","value":"Mazatlan Sin."},
{"id":"MAM","value":"Matamoros. Tamps."},
{"id":"MTY","value":"Monterrey Central Autobus"},
{"id":"NOG","value":"Nogales  Son"},
{"id":"NDI","value":"Nombre De Dios  Dgo"},
{"id":"NLD","value":"Nuevo Laredo  Tamps"},
{"id":"OCO","value":"Ocotlan  Jal"},
{"id":"PAR","value":"Parral.  Chih."},
{"id":"QET","value":"Queretaro  Qro"},
{"id":"REX","value":"Reynosa. Tams."},
{"id":"RFM","value":"Ricardo Flores Magon. Chi"},
{"id":"RGR","value":"Rio Grande  Zac"},
{"id":"SAI","value":"Sain Alto  Zac"},
{"id":"SLN","value":"Salinas  Slp"},
{"id":"SLW","value":"Saltillo Central Autobus"},
{"id":"SJL","value":"San Juan De Los Lagos jal"},
{"id":"SOM","value":"Sombrerete  Zac"},
{"id":"PAG","value":"Suc. Paseos Agu."},
{"id":"TPT","value":"Tepatitlan  Jal"},
{"id":"TNY","value":"Tepic Central Autobus Nay"},
{"id":"CLO","value":"Tepic Terminal Colosio"},
{"id":"TLA","value":"Tlaltenango   Zac"},
{"id":"TRC","value":"Torreón  Coah"},
{"id":"TLI","value":"Tren Ligero  Jal"},
{"id":"VGE","value":"Vicente Guerrero  Dgo"},
{"id":"ZCL","value":"Zacatecas Central Autobus"},
{"id":"ZPP","value":"Zapopan  Jal"}]