[{"id":"AMON","value":"Aeropuerto Terminal C"},
{"id":"APS","value":"Agua Prieta  Son"},
{"id":"AGU","value":"Aguascalientes C. Autobus"},
{"id":"ATA","value":"Atlacomulco  Mex"},
{"id":"CCA","value":"Camargo  Chih"},
{"id":"CNE","value":"Cananea  Son"},
{"id":"CAS","value":"Casas Grandes  Chih"},
{"id":"CYA","value":"Celaya  Gto"},
{"id":"CUU","value":"Chihuahua Central Autobus"},
{"id":"PIM","value":"Chihuahua Pistolasmeneses"},
{"id":"ATG","value":"Ciudad Altamirano  Gro"},
{"id":"DEL","value":"Ciudad Delicias  Chih"},
{"id":"JIM","value":"Ciudad Jimenez  Chih"},
{"id":"CJS","value":"Ciudad Juarez  Chih"},
{"id":"COL","value":"Colima  Col"},
{"id":"CUE","value":"Cuencamé  Dgo"},
{"id":"CUT","value":"Cutzamala  Gro"},
{"id":"DHI","value":"Dolores Hidalgo  Gto"},
{"id":"DGO","value":"Durango Central Autobus"},
{"id":"FRE","value":"Fresnillo   Zac"},
{"id":"GDL","value":"Guadalajara  Jal"},
{"id":"GTO","value":"Guanajuato  Gto"},
{"id":"IMU","value":"Imuris  Son"},
{"id":"IPO","value":"Irapuato  Gto"},
{"id":"JAN","value":"Janos  Chih"},
{"id":"JUA","value":"Juan Aldama  Zac"},
{"id":"LGS","value":"Lagos De Moreno  Jal"},
{"id":"BJX","value":"Leon  Gto"},
{"id":"LMO","value":"Luis Moya. Zac."},
{"id":"ZLO","value":"Manzanillo  Col"},
{"id":"MAM","value":"Matamoros. Tamps."},
{"id":"MZT","value":"Mazatlan  Sin."},
{"id":"MEX","value":"Mexico Central Norte"},
{"id":"MTY","value":"Monterrey Central Autobus"},
{"id":"SCA","value":"Monterrey T. Sta Catarina"},
{"id":"MLM","value":"Morelia  Mich"},
{"id":"MRL","value":"Moroleon  Gto"},
{"id":"NOG","value":"Nogales  Son"},
{"id":"NLD","value":"Nuevo Laredo  Tamps"},
{"id":"PAR","value":"Parral.  Chih."},
{"id":"PBC","value":"Peñon Blanco  Dgo"},
{"id":"PAZ","value":"Poza Rica  Ver"},
{"id":"QET","value":"Queretaro  Qro"},
{"id":"REX","value":"Reynosa. Tams."},
{"id":"RFM","value":"Ricardo Flores Magon. Chi"},
{"id":"RGR","value":"Rio Grande  Zac"},
{"id":"SMX","value":"Salamanca  Gto"},
{"id":"SLN","value":"Salinas  Slp"},
{"id":"SLW","value":"Saltillo Central Autobus"},
{"id":"SWN","value":"Saltillo Norte"},
{"id":"SFG","value":"San Felipe Gto  Gto"},
{"id":"SJL","value":"San Juan De Los Lagos jal"},
{"id":"SLP","value":"San Luis Potosi  Slp"},
{"id":"SMA","value":"San Miguel Allende  Gto"},
{"id":"SIL","value":"Silao  Gto"},
{"id":"PAG","value":"Suc. Paseos Agu."},
{"id":"LOV","value":"Monclova Coah."},
{"id":"GOP","value":"Gomez Palacio C. Autobus"},
{"id":"TAM","value":"Tampico Central Autobus"},
{"id":"TEC","value":"Tecoman  Col"},
{"id":"TEJ","value":"Tejupilco  Mex"},
{"id":"TPZ","value":"Tepotzotlán  Mex"},
{"id":"TLC","value":"Toluca  Mex"},
{"id":"TCT","value":"Tuxpan Centro Veracruz"},
{"id":"TXP","value":"Tuxpan  Veracruz"},
{"id":"UPN","value":"Uruapan  Mich"},
{"id":"VAH","value":"Villa Ahumada  Chih"},
{"id":"VIG","value":"Villas De Guadiana  Dgo"},
{"id":"YUR","value":"Yuriria  Gto"},
{"id":"ZCL","value":"Zacatecas Central Autobus"},
{"id":"ZTC","value":"Zitacuaro, Mich."}]