[
  { "id": "APS", "value": "Agua Prieta Son" },
  { "id": "AGU2", "value": "Aguascalientes Agr. Norte" },
  { "id": "AGU", "value": "Aguascalientes C. Autobus" },
  { "id": "CAB", "value": "Caborca Sonora" },
  { "id": "CNE", "value": "Cananea Son" },
  { "id": "CAS", "value": "Casas Grandes Chih" },
  { "id": "CYA", "value": "Celaya Gto" },
  { "id": "CUU", "value": "Chihuahua Central Autobus" },
  { "id": "PIM", "value": "Chihuahua Pistolasmeneses" },
  { "id": "CJS", "value": "Ciudad Juarez Chih" },
  { "id": "CEN", "value": "Ciudad Obregon Son." },
  { "id": "CVM", "value": "Ciudad Victoria Tamps" },
  { "id": "CAC", "value": "Culiacan Sin." },
  { "id": "FRE", "value": "Fresnillo Zac" },
  { "id": "GOP", "value": "Gomez Palacio C. Autobus" },
  { "id": "GD1", "value": "Guadalajara Modulo 1" },
  { "id": "GDL", "value": "Guadalajara Jal" },
  { "id": "HA2", "value": "Hamburgo Las Palmas Dgo" },
  { "id": "HMO", "value": "Hermosillo Son." },
  { "id": "IMU", "value": "Imuris Son" },
  { "id": "IPO", "value": "Irapuato Gto" },
  { "id": "JAN", "value": "Janos Chih" },
  { "id": "JU2", "value": "Juan Aldama 2 Zac" },
  { "id": "BJX", "value": "Leon Gto" },
  { "id": "LMM", "value": "Los Mochis Sin" },
  { "id": "MAM", "value": "Matamoros. Tamps." },
  { "id": "MZT", "value": "Mazatlan Sin." },
  { "id": "MXL", "value": "Mexicali B.c." },
  { "id": "MTY", "value": "Monterrey Central Autobus" },
  { "id": "MLM", "value": "Morelia Mich" },
  { "id": "MRL", "value": "Moroleon Gto" },
  { "id": "NOG", "value": "Nogales Son" },
  { "id": "NLD", "value": "Nuevo Laredo Tamps" },
  { "id": "PTC", "value": "Patzcuaro Mich" },
  { "id": "QET", "value": "Queretaro Qro" },
  { "id": "REX", "value": "Reynosa. Tams." },
  { "id": "RFM", "value": "Ricardo Flores Magon. Chi" },
  { "id": "RGR", "value": "Rio Grande Zac" },
  { "id": "SMX", "value": "Salamanca Gto" },
  { "id": "SAV", "value": "Salvatierra Gto" },
  { "id": "SLP", "value": "San Luis Potosi Slp" },
  { "id": "UAC", "value": "San Luis Rio Colorado so" },
  { "id": "SON", "value": "Sonoyta Sonora" },
  { "id": "HAM", "value": "Terminal Hamburgo Dgo" },
  { "id": "HET", "value": "Terminal Hermosillo Son" },
  { "id": "TIJ", "value": "Tijuana B.c." },
  { "id": "TRC", "value": "Torreón Coah" },
  { "id": "ZCL", "value": "Zacatecas Central Autobus" },
  { "id": "ZPP", "value": "Zapopan Jal" }
]
