[{"id":"AGU","value":"Aguascalientes C. Autobus"},{"id":"CAO","value":"Alvaro Obregon  Chih"},{"id":"BJU","value":"Benito Juarez  Chih"},{"id":"CCA","value":"Camargo  Chih"},{"id":"C101","value":"Campo 101  Chih"},{"id":"CSM","value":"Campo Seis Y Medio  Chih"},{"id":"CUU","value":"Chihuahua Central Autobus"},{"id":"PIM","value":"Chihuahua Pistolasmeneses"},{"id":"ZOO","value":"Chihuahua Zootecnia"},{"id":"CTO","value":"Ciudad Cuauhtemoc  Chih"},{"id":"DEL","value":"Ciudad Delicias  Chih"},{"id":"JIM","value":"Ciudad Jimenez  Chih"},{"id":"CJS","value":"Ciudad Juarez  Chih"},{"id":"DGO","value":"Durango Central Autobus"},{"id":"ERE","value":"Ejido Revolución  Dgo"},{"id":"GOP","value":"Gomez Palacio C. Autobus"},{"id":"GDL","value":"Guadalajara  Jal"},{"id":"JGY","value":"Jagueyes  Chih"},{"id":"LQE","value":"La Quemada  Chih"},{"id":"LNI","value":"Las Nieve  Dgo"},{"id":"LAC","value":"Lazaro Cardenas  Chih"},{"id":"MTY","value":"Monterrey Central Autobus"},{"id":"NDI","value":"Nombre De Dios  Dgo"},{"id":"PAR","value":"Parral.  Chih."},{"id":"PAZ","value":"Poza Rica  Ver"},{"id":"RFM","value":"Ricardo Flores Magon. Chi"},{"id":"LZO","value":"San Lorenzo  Chih"},{"id":"STD","value":"Santa Maria Del Oro  Dgo"},{"id":"SAU","value":"Saucillo  Chih"},{"id":"SOM","value":"Sombrerete  Zac"},{"id":"TAM","value":"Tampico Central Autobus"},{"id":"TRC","value":"Torreón  Coah"},{"id":"TCT","value":"Tuxpan Term. Centro  Ver"},{"id":"TXP","value":"Tuxpan  Veracruz"},{"id":"VGE","value":"Vicente Guerrero  Dgo"}]