[{"id":"AEG","value":"Aeropuerto Gdl Jal"},
{"id":"AGU","value":"Aguascalientes C. Autobus"},
{"id":"CUU","value":"Chihuahua Central Autobus"},
{"id":"PIM","value":"Chihuahua Pistolasmeneses"},
{"id":"CJS","value":"Ciudad Juarez Chih"},
{"id":"CEM","value":"Ciudad Valles Slp"},
{"id":"COL","value":"Colima Col"},
{"id":"DGO","value":"Durango Central Autobus"},
{"id":"FRE","value":"Fresnillo Zac"},
{"id":"GD1","value":"Guadalajara Modulo 1"},
{"id":"GDL","value":"Guadalajara Jal"},
{"id":"BJX","value":"Leon Gto"},
{"id":"ZLO","value":"Manzanillo Col"},
{"id":"MEX","value":"Mexico Central Norte"},
{"id":"NDI","value":"Nombre De Dios Dgo"},
{"id":"PAZ","value":"Poza Rica Ver"},
{"id":"QET","value":"Queretaro Qro"},
{"id":"SAI","value":"Sain Alto Zac"},
{"id":"SLN","value":"Salinas Slp"},
{"id":"SLP","value":"San Luis Potosi Slp"},
{"id":"SOM","value":"Sombrerete Zac"},
{"id":"PAG","value":"Suc. Paseos Agu"},
{"id":"TAM","value":"Tampico Central Autobus"},
{"id":"TEC","value":"Tecoman Col"},
{"id":"TPZ","value":"Tepotzotlán Mex"},
{"id":"TLI","value":"Tren Ligero Jal"},
{"id":"TCT","value":"Tuxpan Term. Centro Ver"},
{"id":"TXP","value":"Tuxpan Veracruz"},
{"id":"ZCL","value":"Zacatecas Central Autobus"},
{"id":"GZA","value":"Zacatecas Trmnl Guadalupe"},
{"id":"ZPP","value":"Zapopan Jal"}]