[{"id":"AGU","value":"Aguascalientes C. Autobus"},{"id":"CCA","value":"Camargo  Chih"},{"id":"CUU","value":"Chihuahua Central Autobus"},{"id":"DEL","value":"Ciudad Delicias  Chih"},{"id":"CJS","value":"Ciudad Juarez  Chih"},{"id":"FRE","value":"Fresnillo   Zac"},{"id":"GOP","value":"Gomez Palacio C. Autobus"},{"id":"GVI","value":"Guadalupe Victoria  Dgo"},{"id":"MAM","value":"Matamoros. Tamps."},{"id":"MTY","value":"Monterrey Central Autobus"},{"id":"NDI","value":"Nombre De Dios  Dgo"},{"id":"NLD","value":"Nuevo Laredo  Tamps"},{"id":"PBC","value":"Peñon Blanco  Dgo"},{"id":"REX","value":"Reynosa. Tams."},{"id":"SLW","value":"Saltillo Central Autobus"},{"id":"SOM","value":"Sombrerete  Zac"},{"id":"TRC","value":"Torreón  Coah"},{"id":"VGE","value":"Vicente Guerrero  Dgo"},{"id":"ZCL","value":"Zacatecas Central Autobus"},{"id":"GZA","value":"Zacatecas Trmnl Guadalupe"}]