[{"id":"APS","value":"Agua Prieta  Son"},{"id":"CCA","value":"Camargo  Chih"},{"id":"CNE","value":"Cananea  Son"},{"id":"CAS","value":"Casas Grandes  Chih"},{"id":"CUU","value":"Chihuahua Central Autobus"},{"id":"PIM","value":"Chihuahua Pistolasmeneses"},{"id":"DEL","value":"Ciudad Delicias  Chih"},{"id":"JIM","value":"Ciudad Jimenez  Chih"},{"id":"CJS","value":"Ciudad Juarez  Chih"},{"id":"GOP","value":"Gomez Palacio C. Autobus"},{"id":"IMU","value":"Imuris  Son"},{"id":"JAN","value":"Janos  Chih"},{"id":"MTY","value":"Monterrey Central Autobus"},{"id":"NOG","value":"Nogales  Son"},{"id":"QET","value":"Queretaro  Qro"},{"id":"RFM","value":"Ricardo Flores Magon. Chi"},{"id":"SLW","value":"Saltillo Central Autobus"},{"id":"TRC","value":"Torreón  Coah"}]