[{"id":"ALL","value":"Allende  Chih"},{"id":"CAO","value":"Alvaro Obregon  Chih"},{"id":"ANG","value":"Angostura  Chih"},{"id":"BAC","value":"Bachiniva  Chih"},{"id":"C101","value":"Campo 101  Chih"},{"id":"CSM","value":"Campo Seis Y Medio  Chih"},{"id":"CNE","value":"Cananea  Son"},{"id":"CAS","value":"Casas Grandes  Chih"},{"id":"CTO","value":"Ciudad Cuauhtemoc  Chih"},{"id":"CJS","value":"Ciudad Juarez  Chih"},{"id":"CIN","value":"Col. Independencia  Chih"},{"id":"QVO","value":"Colonia Quevedo  Chih"},{"id":"CUI","value":"Cuitaca  Son"},{"id":"DGO","value":"Durango Central Autobus"},{"id":"ERE","value":"Ejido Revolución  Dgo"},{"id":"ROD","value":"El Rodeo  Dgo"},{"id":"GAL","value":"Galeana  Chih"},{"id":"GFA","value":"Gomez Farias  Chih"},{"id":"SLU","value":"Granjas Sta. Lucia  Dgo"},{"id":"ZAR","value":"Ignacio Zaragoza  Chih"},{"id":"IMU","value":"Imuris  Son"},{"id":"JAN","value":"Janos  Chih"},{"id":"LPN","value":"La Pinta  Chih"},{"id":"LZA","value":"La Zarca  Dgo"},{"id":"LAG","value":"Lagunitas  Chih"},{"id":"LNI","value":"Las Nieve  Dgo"},{"id":"LVA","value":"Las Varas  Chih"},{"id":"LEB","value":"Lebaron  Chih"},{"id":"NOG","value":"Nogales  Son"},{"id":"PAR","value":"Parral.  Chih."},{"id":"PEB","value":"Peña Blanca  Chih"},{"id":"RCO","value":"Rancho Colorado  Chih"},{"id":"RFM","value":"Ricardo Flores Magon. Chi"},{"id":"SBV","value":"San Buenaventura. Chih."},{"id":"STD","value":"Santa Maria Del Oro  Dgo"},{"id":"SOT","value":"Soto Mainez  Chih"},{"id":"TCA","value":"Tres Castillos. Chih."},{"id":"VAH","value":"Villa Ahumada  Chih"},{"id":"VOC","value":"Villa Ocampo. Dgo"}]