[
  { "id": "AEG", "value": "Aeropuerto Gdl Jal" },
  { "id": "AGU2", "value": "Aguascalientes Agr. Norte" },
  { "id": "AGU", "value": "Aguascalientes C. Autobus" },
  { "id": "AHU", "value": "Ahuacatlán Nay" },
  { "id": "ANM", "value": "Angamacutiro Mich." },
  { "id": "CAB", "value": "Caborca Sonora" },
  { "id": "CCA", "value": "Camargo Chih" },
  { "id": "CEN", "value": "Cd. Obregon Sonora" },
  { "id": "CYA", "value": "Celaya Gto." },
  { "id": "CUU", "value": "Chihuahua Central Autobus" },
  { "id": "PIM", "value": "Chihuahua Pistolasmeneses" },
  { "id": "DEL", "value": "Ciudad Delicias Chih" },
  { "id": "JIM", "value": "Ciudad Jimenez Chih" },
  { "id": "CJS", "value": "Ciudad Juarez Chih" },
  { "id": "CEN", "value": "Ciudad Obregon Son." },
  { "id": "CEM", "value": "Ciudad Valles Slp" },
  { "id": "CLO", "value": "Colosio Nayarit" },
  { "id": "CAC", "value": "Culiacan Sin." },
  { "id": "EML", "value": "Empalme Sonora" },
  { "id": "FRE", "value": "Fresnillo Zac" },
  { "id": "GOP", "value": "Gomez Palacio C. Autobus" },
  { "id": "GDL1", "value": "Guadalajara Mod. 1 1/2" },
  { "id": "GD1", "value": "Guadalajara Modulo 1" },
  { "id": "GDL", "value": "Guadalajara Modulo 6" },
  { "id": "GCH", "value": "Guamuchil Sinaloa" },
  { "id": "GSV", "value": "Guasave Sinaloa" },
  { "id": "GYM", "value": "Guaymas Sonora" },
  { "id": "HA2", "value": "Hamburgo Las Palmas Dgo" },
  { "id": "HMO", "value": "Hermosillo C. Autobuses" },
  { "id": "HET", "value": "Hermosillo Ter Son." },
  { "id": "IMU", "value": "Imuris Son" },
  { "id": "IPO", "value": "Irapuato Gto." },
  { "id": "IXT", "value": "Ixtlan Del Rio Nay" },
  { "id": "JU2", "value": "Juan Aldama 2 Zac" },
  { "id": "LPI", "value": "La Piedad Michoacan" },
  { "id": "MRM", "value": "Los Mochis Suc Morelos S" },
  { "id": "LMM", "value": "Los Mochis Sin" },
  { "id": "MAM", "value": "Matamoros. Tamps." },
  { "id": "MZT", "value": "Mazatlan Sin." },
  { "id": "MXL", "value": "Mexicali B.c." },
  { "id": "MEX", "value": "Mexico Central Norte" },
  { "id": "MTY", "value": "Monterrey Central Autobus" },
  { "id": "MLM", "value": "Morelia Mich" },
  { "id": "NAJ", "value": "Navojoa Centro" },
  { "id": "NAV", "value": "Navojoa Sonora" },
  { "id": "NOG", "value": "Nogales Son" },
  { "id": "NLD", "value": "Nuevo Laredo Tamps" },
  { "id": "PTC", "value": "Patzcuaro Mich" },
  { "id": "PJM", "value": "Penjamo Gto." },
  { "id": "PAZ", "value": "Poza Rica Ver" },
  { "id": "PUR", "value": "Puruandiro Michoacan" },
  { "id": "QET", "value": "Queretaro Qro." },
  { "id": "REX", "value": "Reynosa. Tams." },
  { "id": "RGR", "value": "Rio Grande Zac" },
  { "id": "UAC", "value": "S. L. Rio Colorado So" },
  { "id": "SMX", "value": "Salamanca Gto" },
  { "id": "SLW", "value": "Saltillo Central Autobus" },
  { "id": "SJL", "value": "San Juan De Los Lagos jal" },
  { "id": "UAC", "value": "San Luis Rio Colorado so" },
  { "id": "ANA", "value": "Santa Ana Sonora" },
  { "id": "SON", "value": "Sonoyta Sonora" },
  { "id": "GEZ", "value": "Sucursal Plaza Guadalupe" },
  { "id": "TAM", "value": "Tampico Central Autobus" },
  { "id": "TLE", "value": "Tampico Terminal Ejercito" },
  { "id": "TNY", "value": "Tepic Central Autobus Nay" },
  { "id": "CLO", "value": "Tepic Terminal Colosio" },
  { "id": "TPZ", "value": "Tepotzotlan Edomex" },
  { "id": "HAM", "value": "Terminal Hamburgo Dgo" },
  { "id": "HET", "value": "Terminal Hermosillo Son" },
  { "id": "TIJ", "value": "Tijuana B.c." },
  { "id": "TRC", "value": "Torreón Coah" },
  { "id": "TLI", "value": "Tren Ligero Jal" },
  { "id": "TCT", "value": "Tuxpan Term. Centro Ver" },
  { "id": "TXP", "value": "Tuxpan Veracruz" },
  { "id": "UPN", "value": "Uruapan Mich" },
  { "id": "ZCL", "value": "Zacatecas Central Autobus" },
  { "id": "ZAM", "value": "Zamora Michoacan" }
]
