[{"id":"CYA","value":"Celaya  Gto"},
{"id":"CUU","value":"Chihuahua Central Autobus"},
{"id":"PIM","value":"Chihuahua Pistolasmeneses"},
{"id":"CJS","value":"Ciudad Juarez  Chih"},
{"id":"GOP","value":"Gomez Palacio C. Autobus"},
{"id":"MTY","value":"Monterrey Central Autobus"},
{"id":"NLD","value":"Nuevo Laredo  Tamps"},
{"id":"QET","value":"Queretaro  Qro"},
{"id":"SPA","value":"San Luis De La Paz  Gto"},
{"id":"SLP","value":"San Luis Potosi  Slp"},
{"id":"PAG","value":"Suc. Paseos Agu."},
{"id":"TRC","value":"Torreón Coah."},
{"id":"ZCL","value":"Zacatecas Central Autobus"}]